lr,data_time,loss,decode.loss_ce,decode.acc_seg,aux_0.loss_ce,aux_0.acc_seg,aux_1.loss_ce,aux_1.acc_seg,time,iter,memory,step
0.11999055777467524,0.11327309608459472,0.5026251196861267,0.27091509848833084,33.62569808959961,0.11618614196777344,33.63180160522461,0.11552387997508048,40.557193756103516,0.18088943958282472,15.0,3668.0,15.0
0.11993322820401885,0.13747761249542237,0.3920478880405426,0.21971718668937684,67.60969543457031,0.08769468888640404,70.80078125,0.08463601246476174,73.65408325195312,0.20539407730102538,100.0,1452.0,100.0
0.11986577774837498,0.17224249839782715,0.36365347504615786,0.20002913028001784,63.48237991333008,0.08122167736291885,66.87660217285156,0.08240266591310501,58.83197784423828,0.24026753902435302,200.0,1452.0,200.0
0.11979832307166918,0.1100496768951416,0.3505667746067047,0.19239422082901,44.353675842285156,0.07727938964962959,44.81830596923828,0.08089315891265869,40.99607467651367,0.17801210880279542,300.0,1452.0,300.0
0.11973086417099389,0.13593549728393556,0.3639903634786606,0.19791180044412612,66.41645812988281,0.08082505650818347,64.27841186523438,0.08525350615382195,55.36842346191406,0.20282127857208251,400.0,1452.0,400.0
0.11966340104343763,0.1467597246170044,0.3671266078948975,0.19902118891477585,68.06077575683594,0.08148042187094688,68.78948211669922,0.0866249993443489,57.5200080871582,0.21432387828826904,500.0,1452.0,500.0
0.11959593368608527,0.10852055549621582,0.31997317373752593,0.1718998931348324,70.49407958984375,0.07049529105424882,71.69952392578125,0.0775779865682125,64.54705810546875,0.17661006450653077,600.0,12574.0,600.0
0.11952846209601788,0.09502985477447509,0.37121895849704745,0.20031786262989043,56.08692169189453,0.08338614590466023,51.343345642089844,0.0875149466097355,53.673744201660156,0.1626206398010254,700.0,1452.0,700.0
0.11946098627031251,0.155754017829895,0.35340601205825806,0.1898079916834831,81.30474090576172,0.07828897722065449,77.99749755859375,0.08530903756618499,62.970542907714844,0.222733736038208,800.0,1452.0,800.0
0.11939350620604249,0.10016012191772461,0.3492886692285538,0.1881672978401184,62.84379959106445,0.07633322030305863,64.68334197998047,0.08478815406560898,61.77101135253906,0.16770737171173095,900.0,1452.0,900.0
0.11932602190027716,0.08503634929656982,0.31561909317970277,0.16745688766241074,50.584983825683594,0.06871142275631428,52.22654342651367,0.07945078313350677,57.99827575683594,0.15264334678649902,1000.0,1452.0,1000.0
0.11925853335008224,0.11717932224273682,0.32963534742593764,0.1777934953570366,77.51636505126953,0.07169274464249611,78.22017669677734,0.0801491018384695,64.43805694580078,0.18457365036010742,1100.0,1452.0,1100.0
0.11919104055251924,0.1021036148071289,0.34199778735637665,0.1815905712544918,48.03438186645508,0.07495317012071609,41.50257110595703,0.08545404896140099,44.73142623901367,0.16968278884887694,1200.0,1452.0,1200.0
0.1191235435046459,0.11857161521911622,0.33863551914691925,0.17843377441167832,63.51308822631836,0.07103160358965396,63.30738067626953,0.08917014375329017,61.17229461669922,0.18583128452301026,1300.0,1452.0,1300.0
0.1190560422035162,0.18161003589630126,0.2787796512246132,0.14378334656357766,84.84620666503906,0.058290622755885126,83.09612274169922,0.07670568153262139,75.347900390625,0.24851820468902588,1400.0,1452.0,1400.0
0.11898853664618003,0.07593748569488526,0.30508015751838685,0.15886924043297768,74.55549621582031,0.06442678682506084,74.02477264404297,0.08178413212299347,60.832786560058594,0.14311161041259765,1500.0,1452.0,1500.0
0.11892102682968353,0.07730238437652588,0.2980459123849869,0.15381476655602455,63.835811614990234,0.06256246566772461,59.99584197998047,0.0816686786711216,56.44721984863281,0.1443488836288452,1600.0,1452.0,1600.0
0.11885351275106885,0.1587975025177002,0.28650531768798826,0.14922949820756912,69.2626953125,0.0611779872328043,66.88165283203125,0.07609783262014388,57.69948959350586,0.22641406059265137,1700.0,1452.0,1700.0
0.11878599440737414,0.08436174392700195,0.2801854446530342,0.14128285124897957,83.7240219116211,0.05899703949689865,81.83737182617188,0.07990555614233016,57.58943557739258,0.15155956745147706,1800.0,1452.0,1800.0
0.11871847179563381,0.1964245080947876,0.31552322804927824,0.1655399903655052,77.75849914550781,0.06718302145600319,76.98583984375,0.0828002192080021,61.85798645019531,0.264226508140564,1900.0,1452.0,1900.0
0.11865094491287813,0.13730876445770263,0.33156498372554777,0.1745138332247734,69.2313232421875,0.07140392474830151,69.48356628417969,0.08564722463488579,49.4049072265625,0.20275595188140869,2000.0,1452.0,2000.0
0.11858341375613357,0.13780655860900878,0.2959809511899948,0.1510338880121708,66.58096313476562,0.06378523521125316,66.84799194335938,0.08116182386875152,46.90694808959961,0.20449166297912597,2100.0,1452.0,2100.0
0.11851587832242255,0.10318412780761718,0.2845784604549408,0.14527299180626868,82.95927429199219,0.05889272205531597,83.3475112915039,0.08041274398565293,73.024658203125,0.1700244665145874,2200.0,1452.0,2200.0
0.11844833860876365,0.20540111064910888,0.30555717647075653,0.15832360535860063,70.49703979492188,0.06412587463855743,69.95439147949219,0.08310769572854042,63.90800476074219,0.2725386619567871,2300.0,1452.0,2300.0
0.1183807946121713,0.12495985031127929,0.28326314836740496,0.14219584614038466,77.37283325195312,0.05710710920393467,78.79209899902344,0.08396019339561463,70.22686004638672,0.192101788520813,2400.0,1452.0,2400.0
0.11831324632965613,0.08871941566467285,0.29899833500385287,0.153408744931221,77.011962890625,0.061756310611963273,77.51312255859375,0.0838332824409008,66.95194244384766,0.15297882556915282,2500.0,1452.0,2500.0
0.11824569375822463,0.15196726322174073,0.2624945491552353,0.13305099084973335,88.93670654296875,0.05475808791816235,83.31632995605469,0.07468546703457832,71.11968994140625,0.21942925453186035,2600.0,1452.0,2600.0
0.11817813689487949,0.10820493698120118,0.29092306196689605,0.1480138845741749,65.93046569824219,0.06131270676851273,63.240623474121094,0.0815964736044407,49.13902282714844,0.17580788135528563,2700.0,1452.0,2700.0
0.11811057573661922,0.1294996738433838,0.26995125859975816,0.13422387316823006,74.3814468383789,0.056204771623015404,73.50205993652344,0.07952261194586754,60.979461669921875,0.19769446849822997,2800.0,1452.0,2800.0
0.1180430102804382,0.10252068042755128,0.290668697655201,0.1475568749010563,78.20758819580078,0.059592219442129134,75.00601196289062,0.08351960629224778,54.857540130615234,0.17005577087402343,2900.0,1452.0,2900.0
0.11797544052332717,0.11137332916259765,0.29116826355457304,0.14762644320726395,80.34181213378906,0.058846036717295644,80.98326110839844,0.08469578400254249,62.69502639770508,0.17649571895599364,3000.0,1452.0,3000.0
0.11790786646227253,0.12813863754272461,0.25786109566688536,0.12571107894182204,68.92385864257812,0.05292785279452801,67.9983139038086,0.07922216169536114,46.72212600708008,0.19557569026947022,3100.0,1452.0,3100.0
0.11784028809425687,0.11882891654968261,0.24767449498176575,0.11886871755123138,68.12419891357422,0.04712267946451902,70.40472412109375,0.08168309777975083,52.88543701171875,0.18584094047546387,3200.0,1452.0,3200.0
0.11777270541625855,0.05561296939849854,0.2495517686009407,0.12154495120048522,82.79180908203125,0.05036607887595892,82.22770690917969,0.07764073498547078,68.72834777832031,0.1252885103225708,3300.0,1452.0,3300.0
0.11770511842525189,0.11155846118927001,0.2835840553045273,0.14153388887643814,68.99137878417969,0.05845353826880455,67.61837005615234,0.08359662666916848,44.00911331176758,0.17767415046691895,3400.0,1452.0,3400.0
0.11763752711820741,0.1497805595397949,0.29835333675146103,0.15217910706996918,81.62784576416016,0.06320856921374798,76.83534240722656,0.08296565897762775,79.03204345703125,0.21672754287719725,3500.0,1452.0,3500.0
0.11756993149209123,0.13062334060668945,0.28464904576539996,0.1429312139749527,77.69308471679688,0.056957542151212695,76.68437957763672,0.08476028963923454,72.13249206542969,0.1975649118423462,3600.0,1452.0,3600.0
0.11750233154386557,0.1634958028793335,0.22590959221124648,0.10476490929722786,92.47245788574219,0.044061400927603245,91.05177307128906,0.07708328366279601,77.05049133300781,0.23115365505218505,3700.0,1452.0,3700.0
0.11743472727048852,0.13382043838500976,0.22015598565340042,0.10151174813508987,74.472900390625,0.041883943416178224,75.75369262695312,0.07676028907299041,78.97634887695312,0.19942851066589357,3800.0,1452.0,3800.0
0.11736711866891422,0.13921658992767333,0.23454777598381044,0.10849736668169499,81.5521240234375,0.04522026814520359,81.6335678100586,0.0808301441371441,67.79327392578125,0.20633909702301026,3900.0,1452.0,3900.0
0.11729950573609252,0.1143113374710083,0.24751613587141036,0.12052431106567382,85.544677734375,0.049461230635643005,81.57014465332031,0.07753059566020966,77.94971466064453,0.18129749298095704,4000.0,1452.0,4000.0
0.11723188846896922,0.14287347793579103,0.20903881192207335,0.09537720941007137,95.15972137451172,0.03932972326874733,93.92280578613281,0.07433188296854495,67.25874328613281,0.20959074497222902,4100.0,1452.0,4100.0
0.11716426686448604,0.11013360023498535,0.25466431528329847,0.1242949977517128,91.25957489013672,0.05002966914325953,92.47178649902344,0.08033964857459068,72.48124694824219,0.1767878770828247,4200.0,1452.0,4200.0
0.11709664091958041,0.1615968942642212,0.24917937964200973,0.12067094668745995,77.35271453857422,0.05018748790025711,76.57833099365234,0.07832094132900239,52.40211486816406,0.22833211421966554,4300.0,1452.0,4300.0
0.11702901063118594,0.1348712921142578,0.23306531012058257,0.10932861641049385,85.04905700683594,0.04542364049702883,82.20596313476562,0.07831304706633091,71.1324691772461,0.20076324939727783,4400.0,1452.0,4400.0
0.11696137599623198,0.1350376844406128,0.24106835722923278,0.11811999082565308,81.91852569580078,0.04815605022013188,81.67008972167969,0.0747923195362091,75.86002349853516,0.20221312046051027,4500.0,1452.0,4500.0
0.11689373701164373,0.08169677257537841,0.24421813786029817,0.1160062462091446,76.68733215332031,0.04535719640552997,76.82266235351562,0.0828546941280365,58.82396697998047,0.149627947807312,4600.0,1452.0,4600.0
0.11682609367434199,0.14598312377929687,0.2670851156115532,0.13012408837676048,78.73907470703125,0.0505060663446784,80.8450698852539,0.0864549569785595,49.26023483276367,0.2177258014678955,4700.0,1452.0,4700.0
0.11675844598124374,0.08202064037322998,0.22820762246847154,0.1061697095632553,70.52278137207031,0.04317704550921917,69.19546508789062,0.07886086925864219,55.295372009277344,0.1484743356704712,4800.0,1452.0,4800.0
0.11669079392926171,0.1273733854293823,0.234455107152462,0.11238403394818305,85.77156066894531,0.045098019763827324,84.7708740234375,0.07697305344045162,56.139469146728516,0.19437100887298583,4900.0,1452.0,4900.0
0.11662313751530433,0.10621562004089355,0.24617538452148438,0.1186840921640396,77.17742919921875,0.047293375432491305,78.8167953491211,0.08019791096448899,55.41505813598633,0.17331256866455078,5000.0,1452.0,5000.0
0.1165554767362759,0.16121292114257812,0.25454541593790053,0.1220041923224926,92.84429931640625,0.05002958942204714,91.83073425292969,0.08251163139939308,64.42298889160156,0.22816312313079834,5100.0,1452.0,5100.0
0.11648781158907644,0.10982713699340821,0.25060489028692245,0.11956743150949478,90.49996948242188,0.050944669730961324,89.68801879882812,0.08009278997778893,64.27239990234375,0.17617685794830323,5200.0,1452.0,5200.0
0.11642014207060203,0.12982347011566162,0.21952892690896988,0.10022813156247139,88.60721588134766,0.040071440674364564,89.51959228515625,0.07922935783863068,55.3004264831543,0.1963094711303711,5300.0,1452.0,5300.0
0.11635246817774426,0.15868823528289794,0.19353468269109725,0.08552181422710418,94.82698059082031,0.03770815674215555,94.12727355957031,0.07030471079051495,67.38414764404297,0.2256784439086914,5400.0,1452.0,5400.0
0.11628478990739056,0.12129311561584473,0.23402033150196075,0.10450779721140861,80.50527954101562,0.04393955245614052,79.29363250732422,0.0855729803442955,60.06002426147461,0.1885222911834717,5500.0,1452.0,5500.0
0.11621710725642422,0.16488044261932372,0.2481614276766777,0.11975299566984177,88.97666931152344,0.04715859033167362,88.32035064697266,0.08124983832240104,72.182373046875,0.2315814256668091,5600.0,1452.0,5600.0
0.1161494202217242,0.11655068397521973,0.24833859950304032,0.11717238202691078,86.63186645507812,0.04853646792471409,87.0859146118164,0.08262974843382835,67.05284118652344,0.18843374252319336,5700.0,1452.0,5700.0
0.11608172880016522,0.20110900402069093,0.24327485114336014,0.11458384916186333,74.31611633300781,0.04493004363030195,80.8706283569336,0.08376095592975616,58.4782600402832,0.2678854465484619,5800.0,1452.0,5800.0
0.11601403298861782,0.1181657075881958,0.20449991077184676,0.08959300108253956,86.37809753417969,0.03892247099429369,82.85874938964844,0.07598443552851677,68.7936782836914,0.1899204969406128,5900.0,1452.0,5900.0
0.11594633278394831,0.09064667224884033,0.17857006788253785,0.07356548011302948,76.93290710449219,0.03125152364373207,76.40829467773438,0.07375306636095047,62.819766998291016,0.16255540847778321,6000.0,1452.0,6000.0
0.11587862818301849,0.08803811073303222,0.1995076358318329,0.08946644775569439,81.54888153076172,0.03838995229452848,82.07817077636719,0.07165123783051967,69.34175109863281,0.15341079235076904,6100.0,1452.0,6100.0
0.11581091918268616,0.10410776138305664,0.2092468574643135,0.09386509507894517,86.6067886352539,0.03679596036672592,85.03427124023438,0.0785857979208231,78.70359802246094,0.17011721134185792,6200.0,1452.0,6200.0
0.11574320577980457,0.20157880783081056,0.19153411611914634,0.08377317637205124,86.84739685058594,0.034673983976244924,85.239501953125,0.07308695763349533,66.62521362304688,0.26793899536132815,6300.0,1452.0,6300.0
0.11567548797122294,0.1434772253036499,0.2499351680278778,0.11451197937130927,75.08497619628906,0.049527072720229624,72.33000183105469,0.08589611873030663,49.59402084350586,0.21109614372253419,6400.0,1452.0,6400.0
0.11560776575378591,0.101859450340271,0.23607174009084703,0.11004228703677654,67.99592590332031,0.04547423776239157,68.81332397460938,0.0805552177131176,53.39231491088867,0.1696474552154541,6500.0,1452.0,6500.0
0.11554003912433398,0.17628583908081055,0.22299668341875076,0.10173021666705609,79.90464782714844,0.04199980888515711,78.11508178710938,0.07926666066050529,47.286224365234375,0.24233267307281495,6600.0,1452.0,6600.0
0.11547230807970328,0.12112298011779785,0.22348418831825256,0.10137518011033535,88.59825134277344,0.04324600789695978,89.3655776977539,0.07886300310492515,64.88056182861328,0.18707849979400634,6700.0,1452.0,6700.0
0.11540457261672565,0.1294874668121338,0.1805317997932434,0.0733309406787157,83.01039123535156,0.03166356310248375,82.49797821044922,0.07553729824721814,73.38924407958984,0.1962486982345581,6800.0,1452.0,6800.0
0.11533683273222861,0.11343014240264893,0.20106493532657624,0.08780071102082729,92.45071411132812,0.036909957975149156,90.51580810546875,0.07635426819324494,69.15016174316406,0.18009800910949708,6900.0,1452.0,6900.0
0.11526908842303504,0.10717852115631103,0.22981892973184587,0.10904292650520801,92.85020446777344,0.04371074065566063,93.49861145019531,0.0770652636885643,77.4117431640625,0.1731940507888794,7000.0,1452.0,7000.0
0.11520133968596395,0.11572215557098389,0.18718596845865249,0.07679244242608547,89.61553955078125,0.032400825433433054,90.16304016113281,0.07799270004034042,49.50227737426758,0.1800384044647217,7100.0,1452.0,7100.0
0.11513358651782957,0.11446976661682129,0.21175085753202438,0.09338715858757496,69.44427490234375,0.03927641771733761,71.02003479003906,0.07908728048205375,40.99407196044922,0.1810842275619507,7200.0,1452.0,7200.0
0.11506582891544184,0.12898118495941163,0.2012426033616066,0.087131667137146,74.80411529541016,0.037390968576073644,75.20389556884766,0.0767199669033289,52.922630310058594,0.1950742483139038,7300.0,1452.0,7300.0
0.1149980668756064,0.12786014080047609,0.2198255866765976,0.09700598195195198,88.02204132080078,0.03972798064351082,86.6005859375,0.08309162110090255,71.93374633789062,0.19370906352996825,7400.0,1452.0,7400.0
0.11493030039512452,0.133506441116333,0.2057597219944,0.08902091458439827,84.28392028808594,0.03706065993756056,83.65164184570312,0.07967814430594444,63.34848403930664,0.19987356662750244,7500.0,1452.0,7500.0
0.11486252947079295,0.1479177236557007,0.21571251302957534,0.09373454004526138,86.26708984375,0.038060767203569414,88.16900634765625,0.08391720503568649,46.53902053833008,0.2141331672668457,7600.0,1452.0,7600.0
0.11479475409940405,0.20583345890045165,0.21600792855024337,0.09649905227124692,82.9293212890625,0.04023399297147989,83.76951599121094,0.07927488423883915,55.673885345458984,0.26990106105804446,7700.0,1452.0,7700.0
0.11472697427774581,0.12450079917907715,0.23653866797685624,0.11136897876858712,90.25077819824219,0.04462057026103139,90.75164794921875,0.08054911941289902,66.37516021728516,0.19516305923461913,7800.0,1452.0,7800.0
0.11465919000260186,0.1219836950302124,0.20270110219717025,0.08774253241717815,91.24917602539062,0.03625122141093016,91.70475006103516,0.07870734706521035,54.52108383178711,0.18816192150115968,7900.0,1452.0,7900.0
0.11459140127075115,0.11981890201568604,0.1696847602725029,0.06281716413795949,89.17741394042969,0.02731103468686342,88.93966674804688,0.07955656126141548,63.38691711425781,0.18589329719543457,8000.0,1452.0,8000.0
0.11452360807896851,0.1462162971496582,0.20366575419902802,0.0915416892617941,86.99578857421875,0.03633719608187676,85.76412200927734,0.07578686811029911,75.81033325195312,0.21279530525207518,8100.0,1452.0,8100.0
0.11445581042402393,0.08659079074859619,0.2102403536438942,0.09123379103839398,80.7830810546875,0.03688492625951767,81.67008972167969,0.08212163932621479,53.21760177612305,0.1534019947052002,8200.0,1452.0,8200.0
0.11438800830268336,0.08582043647766113,0.18905452340841294,0.07797119803726674,83.05721282958984,0.032948602735996244,79.08687591552734,0.07813472673296928,59.39016342163086,0.15211222171783448,8300.0,1452.0,8300.0
0.11432020171170783,0.15541670322418213,0.18070267140865326,0.0745351504534483,94.21224975585938,0.03191709537059069,93.01329040527344,0.07425042577087879,68.47782135009766,0.2224644899368286,8400.0,1452.0,8400.0
0.11425239064785406,0.18425052165985106,0.1881554365158081,0.07945645786821842,79.10957336425781,0.03274032268673181,80.65147399902344,0.07595865167677403,65.35520935058594,0.2519382953643799,8500.0,1452.0,8500.0
0.11418457510787444,0.1126133680343628,0.18499122112989425,0.07650528363883495,84.34085845947266,0.033054374530911444,83.87737274169922,0.07543156109750271,53.73067855834961,0.17892081737518312,8600.0,1452.0,8600.0
0.11411675508851668,0.15263173580169678,0.19181383699178695,0.07880302742123604,91.53280639648438,0.03526442442089319,91.90530395507812,0.0777463860809803,70.89128112792969,0.21848642826080322,8700.0,1452.0,8700.0
0.11404893058652407,0.09600763320922852,0.17990519851446152,0.07245535776019096,88.58146667480469,0.02863003611564636,88.83619689941406,0.07881980240345002,78.60565185546875,0.16256089210510255,8800.0,1452.0,8800.0
0.11398110159863531,0.1438593626022339,0.20567118674516677,0.09012156948447228,91.12415313720703,0.036476065032184125,91.12281799316406,0.07907355129718781,70.46270751953125,0.209806227684021,8900.0,1452.0,8900.0
0.11391326812158467,0.18799848556518556,0.17335938960313796,0.06865971274673939,93.12152862548828,0.0287133714184165,93.84078979492188,0.07598630264401436,59.70029830932617,0.255124568939209,9000.0,1452.0,9000.0
0.11384543015210163,0.15031013488769532,0.22229526787996293,0.10141164362430573,93.41020202636719,0.04251102264970541,90.64131164550781,0.07837260290980338,72.42822265625,0.22239265441894532,9100.0,1452.0,9100.0
0.11377758768691132,0.07577056884765625,0.1655460439622402,0.0630157433450222,92.79127502441406,0.026190556678920986,92.99583435058594,0.07633974216878414,61.35568618774414,0.14253065586090088,9200.0,1452.0,9200.0
0.11370974072273435,0.10594260692596436,0.22345433831214906,0.09954997599124908,66.9075927734375,0.04080388154834509,67.20333099365234,0.0831004798412323,54.30412292480469,0.17261335849761963,9300.0,1452.0,9300.0
0.11364188925628647,0.1427046537399292,0.19960772544145583,0.08470169901847839,94.81334686279297,0.03442618260160089,94.5015869140625,0.08047984205186368,62.46461868286133,0.20902366638183595,9400.0,1452.0,9400.0
0.11357403328427929,0.10788004398345948,0.16474644094705582,0.06569274887442589,89.39828491210938,0.027524128556251526,84.49525451660156,0.0715295646339655,54.366302490234375,0.17396996021270753,9500.0,1452.0,9500.0
0.11350617280341946,0.17068774700164796,0.1738946408033371,0.06907033249735832,81.39762878417969,0.029041990544646977,81.78520202636719,0.07578231692314148,59.5463752746582,0.23708693981170653,9600.0,1452.0,9600.0
0.11343830781040926,0.12054316997528076,0.17711986154317855,0.07176973819732665,90.88182067871094,0.029316502809524535,90.88278198242188,0.07603362165391445,72.51730346679688,0.1877192497253418,9700.0,1452.0,9700.0
0.1133704383019462,0.12851390838623047,0.22330489307641982,0.10243148393929005,91.33739471435547,0.042865271866321566,91.45669555664062,0.07800813913345336,73.825927734375,0.1944948196411133,9800.0,1452.0,9800.0
0.11330256427472327,0.10995492935180665,0.16864216402173043,0.06696679554879666,88.02328491210938,0.02828265856951475,87.5,0.07339271157979965,60.46171188354492,0.1814182758331299,9900.0,1452.0,9900.0
0.11323468572542886,0.07326076030731202,0.16543095409870148,0.06199726387858391,95.20368957519531,0.025144601240754128,93.03121948242188,0.07828908935189247,64.02597045898438,0.14440617561340333,10000.0,1452.0,10000.0
0.11316680265074656,0.11208078861236573,0.1795090213418007,0.06914299242198467,88.31320190429688,0.028804302401840686,87.54520416259766,0.08156172670423985,60.9196662902832,0.17863130569458008,10100.0,1452.0,10100.0
0.11309891504735549,0.17669920921325682,0.1804383233189583,0.07446133382618428,93.5018539428711,0.03191117532551289,91.84713745117188,0.07406581453979015,84.58538055419922,0.2414381980895996,10200.0,1452.0,10200.0
0.11303102291193011,0.09211068153381348,0.17038729041814804,0.0662264421582222,76.8546142578125,0.02870445214211941,77.79922485351562,0.07545639351010322,52.8900146484375,0.15837526321411133,10300.0,1452.0,10300.0
0.11296312624114015,0.07260363101959229,0.19969354718923568,0.08545034304261208,96.82473754882812,0.035544016398489475,96.03623962402344,0.07869919016957283,57.292938232421875,0.1392364501953125,10400.0,1452.0,10400.0
0.11289522503165067,0.13550655841827391,0.210550706833601,0.09364801421761512,78.4820556640625,0.036920942924916746,81.98843383789062,0.07998174987733364,62.38880157470703,0.20277469158172606,10500.0,1452.0,10500.0
0.11282731928012199,0.13599827289581298,0.1838320665061474,0.07268211655318738,97.64881134033203,0.03176607517525554,96.49772644042969,0.07938387431204319,55.20753860473633,0.2017226219177246,10600.0,1452.0,10600.0
0.11275940898320966,0.15229721069335939,0.19029541164636612,0.0772461861371994,79.01353454589844,0.03169909827411175,78.82948303222656,0.08135012723505497,51.738929748535156,0.21835975646972655,10700.0,1452.0,10700.0
0.1126914941375649,0.1676247835159302,0.18765518367290496,0.08118616789579391,93.14346313476562,0.03426437713205814,91.37831115722656,0.07220463901758194,51.845645904541016,0.23927526473999022,10800.0,1452.0,10800.0
0.11262357473983388,0.12099287509918213,0.17677185833454132,0.06961185894906521,90.84300994873047,0.029061624594032765,89.04972076416016,0.07809837535023689,64.2080307006836,0.190893292427063,10900.0,1452.0,10900.0
0.1125556507866582,0.09617846012115479,0.1832710400223732,0.0761039212346077,91.75863647460938,0.031200670637190342,91.11204528808594,0.07596645019948482,45.20721435546875,0.16291701793670654,11000.0,1452.0,11000.0
0.11248772227467467,0.17736473083496093,0.17072610110044478,0.06303050741553307,89.36395263671875,0.027163412421941757,88.51632690429688,0.080532181635499,61.66181564331055,0.24436194896698,11100.0,1452.0,11100.0
0.11241978920051508,0.09937086105346679,0.18603014722466468,0.08026138246059418,87.37449645996094,0.03346835691481829,88.20667266845703,0.07230040952563285,54.46596145629883,0.16637933254241943,11200.0,1452.0,11200.0
0.11235185156080707,0.1815058946609497,0.20834474861621857,0.09256984740495681,93.12086486816406,0.039052835665643215,92.60321044921875,0.0767220638692379,66.82929992675781,0.24863877296447753,11300.0,1452.0,11300.0
0.11228390935217301,0.1473548650741577,0.17076564878225325,0.06625806409865617,84.08689880371094,0.02862300118431449,83.47291564941406,0.07588458061218262,53.71408462524414,0.21366407871246337,11400.0,1452.0,11400.0
0.11221596257123066,0.09731581211090087,0.20648094564676284,0.09069586545228958,82.23886108398438,0.03572879210114479,83.12043762207031,0.08005629181861877,50.44832229614258,0.164007830619812,11500.0,1452.0,11500.0
0.11214801121459318,0.09131765365600586,0.15074452832341195,0.05446533840149641,95.83492279052734,0.022177137434482574,95.33157348632812,0.07410205230116844,65.74411010742188,0.15716350078582764,11600.0,1452.0,11600.0
0.11208005527886859,0.21836645603179933,0.193008254468441,0.08381055369973182,87.29190826416016,0.03401679378002882,86.87315368652344,0.07518090456724166,58.54225158691406,0.28419904708862304,11700.0,1452.0,11700.0
0.11201209476066035,0.1235008716583252,0.19016055315732955,0.07567548677325249,85.27517700195312,0.03202803730964661,84.28086853027344,0.08245703168213367,66.46299743652344,0.19022102355957032,11800.0,1452.0,11800.0
0.1119441296565671,0.11861896514892578,0.1924303337931633,0.07975110933184623,83.49618530273438,0.031170166749507188,85.77499389648438,0.08150905594229699,51.820945739746094,0.1842806577682495,11900.0,1452.0,11900.0
0.1118761599631825,0.10686233043670654,0.16777899414300917,0.06630670689046383,89.32752990722656,0.026639233715832232,89.9239501953125,0.07483305260539055,55.82437515258789,0.1726665735244751,12000.0,1452.0,12000.0
0.11180818567709552,0.07341105937957763,0.16093682646751403,0.05728477351367474,85.48173522949219,0.025445723440498114,84.55133056640625,0.0782063327729702,54.526710510253906,0.139703106880188,12100.0,1452.0,12100.0
0.11174020679489036,0.0944199800491333,0.15925730913877487,0.056821642071008684,85.89791870117188,0.02446272112429142,85.82945251464844,0.07797294817864894,64.29643249511719,0.16064054965972902,12200.0,1452.0,12200.0
0.11167222331314615,0.08565397262573242,0.18202748373150826,0.07215462401509284,92.70210266113281,0.028659892454743385,91.400146484375,0.08121296912431716,45.12958526611328,0.15312929153442384,12300.0,1452.0,12300.0
0.11160423522843729,0.13421244621276857,0.1617381751537323,0.05651007443666458,95.29428100585938,0.024697042629122735,94.81563568115234,0.08053105771541595,60.959815979003906,0.20134186744689941,12400.0,1452.0,12400.0
0.1115362425373331,0.13820283412933348,0.15322848036885262,0.055234164372086524,94.50178527832031,0.024291388504207135,93.80789184570312,0.07370292730629444,69.41499328613281,0.2051926851272583,12500.0,1452.0,12500.0
0.11146824523639828,0.13567674160003662,0.1569744400680065,0.057500633969902994,94.24447631835938,0.02549223219975829,93.18971252441406,0.07398157678544522,63.824462890625,0.2028395414352417,12600.0,1452.0,12600.0
0.11140024332219255,0.1576247215270996,0.18286628723144532,0.07582303080707789,93.88275146484375,0.031111438758671284,92.32015991210938,0.07593181766569615,70.27606964111328,0.2251044273376465,12700.0,1452.0,12700.0
0.11133223679127074,0.125390625,0.17363879457116127,0.06448647528886794,94.76899719238281,0.027936044707894327,93.90239715576172,0.08121627643704414,58.13484191894531,0.19227306842803954,12800.0,1452.0,12800.0
0.11126422564018275,0.18664252758026123,0.17315665185451506,0.0682561930269003,89.50080871582031,0.028708083741366863,88.27381134033203,0.0761923748999834,71.44451141357422,0.2508294105529785,12900.0,1452.0,12900.0
0.11119620986547359,0.10802021026611328,0.1527916297316551,0.05739198848605156,83.34893798828125,0.024419582821428774,81.9925308227539,0.0709800586104393,65.32573699951172,0.17429804801940918,13000.0,1452.0,13000.0
0.11112818946368318,0.17275052070617675,0.1735909752547741,0.06617183946073055,87.3800277709961,0.027803813479840754,86.39535522460938,0.07961532324552537,61.48366928100586,0.23986072540283204,13100.0,1452.0,13100.0
0.11106016443134656,0.14174630641937255,0.15479255095124245,0.055116483755409715,93.27078247070312,0.024136468395590784,93.46122741699219,0.0755396030843258,55.521488189697266,0.2091136693954468,13200.0,1452.0,13200.0
0.11099213476499395,0.17915046215057373,0.14324373975396157,0.04988831877708435,86.53936767578125,0.020653231907635926,88.97953033447266,0.0727021910250187,67.08497619628906,0.24554057121276857,13300.0,1452.0,13300.0
0.11092410046115049,0.14326677322387696,0.1679408311843872,0.06702818721532822,95.62025451660156,0.027325660455971956,95.02630615234375,0.07358698435127735,74.96099853515625,0.21017322540283204,13400.0,1452.0,13400.0
0.11085606151633648,0.15672924518585205,0.1625419870018959,0.05979313515126705,90.72828674316406,0.025696646329015492,88.71726989746094,0.07705220617353917,64.93644714355469,0.22221312522888184,13500.0,1452.0,13500.0
0.11078801792706709,0.19664597511291504,0.14110179170966147,0.048486760817468166,96.37879943847656,0.020480633713304996,94.9332275390625,0.0721343956887722,73.56586456298828,0.26366753578186036,13600.0,1452.0,13600.0
0.11071996968985237,0.10811970233917237,0.17833981961011885,0.07303718216717243,85.16493225097656,0.029159805830568077,86.863037109375,0.07614282853901386,55.614471435546875,0.17459659576416015,13700.0,1452.0,13700.0
0.11065191680119742,0.15433142185211182,0.17553755939006804,0.06376913078129291,85.81295013427734,0.027281084470450877,84.80148315429688,0.08448734134435654,47.71432876586914,0.22171733379364014,13800.0,1452.0,13800.0
0.1105838592576026,0.16479179859161378,0.17829061001539231,0.07390527166426182,92.67396545410156,0.0298571202903986,90.56739807128906,0.07452821619808674,62.78867721557617,0.23217544555664063,13900.0,1452.0,13900.0
0.11051579705556305,0.11222267150878906,0.1428558811545372,0.049999963864684104,92.10099792480469,0.020179969631135462,92.2371826171875,0.07267594821751118,66.70274353027344,0.1808558225631714,14000.0,1452.0,14000.0
0.11044773019156882,0.09598207473754883,0.1572320505976677,0.05950824096798897,90.59495544433594,0.024060274381190537,90.60525512695312,0.07366353906691074,58.90674591064453,0.16087980270385743,14100.0,1452.0,14100.0
0.11037965866210493,0.15384302139282227,0.16866450980305672,0.06873914953321218,96.08717346191406,0.027879807539284228,95.64552307128906,0.07204555422067642,77.13546752929688,0.22059178352355957,14200.0,1452.0,14200.0
0.11031158246365141,0.14430317878723145,0.15601199716329575,0.05701147522777319,95.08590698242188,0.023528563510626554,94.64874267578125,0.07547196112573147,77.55441284179688,0.21029307842254638,14300.0,1452.0,14300.0
0.11024350159268306,0.13566489219665528,0.16378850042819976,0.061474462226033214,90.1071548461914,0.025810508243739604,89.78262329101562,0.0765035342425108,75.93850708007812,0.20204768180847169,14400.0,1452.0,14400.0
0.11017541604566969,0.10182850360870362,0.2215455189347267,0.09419786036014557,95.02601623535156,0.03977329656481743,94.30599212646484,0.08757436610758304,66.94573974609375,0.1682732582092285,14500.0,1452.0,14500.0
0.11010732581907612,0.11939945220947265,0.1441467136144638,0.046939576417207717,95.77780151367188,0.02133133206516504,94.99024963378906,0.07587580382823944,60.990238189697266,0.18613650798797607,14600.0,1452.0,14600.0
0.11003923090936198,0.15768191814422608,0.16080876737833022,0.06220443844795227,92.61112213134766,0.025913337618112563,91.55616760253906,0.07269098870456218,65.78636169433594,0.22342274188995362,14700.0,1452.0,14700.0
0.10997113131298165,0.09515559673309326,0.13816097751259804,0.04356369003653526,93.87493133544922,0.018696282338351012,92.70677185058594,0.07590100429952144,68.77450561523438,0.16082236766815186,14800.0,1452.0,14800.0
0.10990302702638464,0.1630643844604492,0.21307724565267563,0.09734863340854645,83.39958190917969,0.039908173214644196,80.6783676147461,0.07582044005393981,62.67261505126953,0.22939059734344483,14900.0,1452.0,14900.0
0.10983491804601493,0.13087718486785888,0.1725125178694725,0.06293716356158256,92.67472839355469,0.026490139495581388,93.46151733398438,0.0830852173268795,63.860225677490234,0.19601900577545167,15000.0,1452.0,15000.0
0.1097668043683119,0.13365089893341064,0.1861191563308239,0.07403898630291224,87.80412292480469,0.030417744163423778,87.19806671142578,0.08166242837905884,67.4774169921875,0.19924392700195312,15100.0,1452.0,15100.0
0.10969868598970939,0.10065865516662598,0.1399299643933773,0.045319487899541856,90.7491683959961,0.020686295069754123,89.06116485595703,0.07392418049275876,55.39426803588867,0.16629176139831542,15200.0,1452.0,15200.0
0.10963056290663616,0.08137176036834717,0.1568329617381096,0.05750048477202654,91.55130004882812,0.024906064104288816,90.07577514648438,0.07442641109228135,49.089908599853516,0.14748666286468506,15300.0,1452.0,15300.0
0.10956243511551565,0.1262144088745117,0.14913904219865798,0.05280220918357372,92.73815155029297,0.022964209970086812,91.68539428710938,0.07337262257933616,59.35401916503906,0.19032542705535888,15400.0,1452.0,15400.0
0.10949430261276649,0.061827349662780764,0.15640396773815154,0.0566291943192482,89.74647521972656,0.023989730328321458,88.83810424804688,0.07578504346311092,55.28421401977539,0.1281672716140747,15500.0,1452.0,15500.0
0.10942616539480159,0.10678596496582031,0.12938662692904473,0.04461278636008501,95.23553466796875,0.02029464254155755,93.34697723388672,0.06447920016944408,70.91331481933594,0.1735084295272827,15600.0,1452.0,15600.0
0.10935802345802896,0.14100193977355957,0.14008766785264015,0.047833314165472984,95.68299865722656,0.020978555735200643,95.69129943847656,0.07127579487860203,79.14543151855469,0.2072223424911499,15700.0,1452.0,15700.0
0.10928987679885148,0.11954567432403565,0.14789304584264756,0.05353701785206795,91.90702819824219,0.02298248326405883,91.60299682617188,0.07137354612350463,78.73859405517578,0.18567225933074952,15800.0,1452.0,15800.0
0.10922172541366662,0.07854468822479248,0.16030106991529464,0.0625191755592823,89.93911743164062,0.025235557183623313,90.62213897705078,0.07254633605480194,73.70624542236328,0.14460010528564454,15900.0,1452.0,15900.0
0.10915356929886633,0.09513604640960693,0.15096992254257202,0.058360998332500455,89.88666534423828,0.024226031079888345,88.60721588134766,0.06838289499282837,67.57383728027344,0.16110012531280518,16000.0,1452.0,16000.0
0.10908540845083779,0.16053242683410646,0.14470880776643752,0.053065665438771246,92.15078735351562,0.02138481792062521,90.56005859375,0.07025832310318947,78.1381607055664,0.22702381610870362,16100.0,1452.0,16100.0
0.10901724286596275,0.13027637004852294,0.14208925664424896,0.04842807799577713,97.82962799072266,0.02067924104630947,96.36096954345703,0.07298193909227849,70.04451751708984,0.1967684030532837,16200.0,1452.0,16200.0
0.10894907254061749,0.09926869869232177,0.17109974399209021,0.06274364553391934,94.83155822753906,0.02550381440669298,95.79925537109375,0.08285228200256825,67.06285095214844,0.16531171798706054,16300.0,1452.0,16300.0
0.10888089747117306,0.19555048942565917,0.14437311589717866,0.046681474708020684,96.514892578125,0.0209830186329782,96.12532043457031,0.07670861966907978,77.30159759521484,0.26170599460601807,16400.0,1452.0,16400.0
0.10881271765399562,0.12448196411132813,0.16172403544187547,0.06116990968585014,90.14883422851562,0.025172312930226325,90.94171142578125,0.07538181096315384,67.82894134521484,0.1908400297164917,16500.0,1452.0,16500.0
0.10874453308544532,0.1685002326965332,0.13694974780082703,0.042041171342134476,87.58392333984375,0.01980276210233569,87.30116271972656,0.07510581463575364,60.70108413696289,0.24048097133636476,16600.0,1452.0,16600.0
0.1086763437618775,0.11235151290893555,0.136096054315567,0.04297666139900684,89.04428100585938,0.019935412239283322,87.07695007324219,0.07318397797644138,59.607505798339844,0.1790783405303955,16700.0,1452.0,16700.0
0.10860814967964194,0.10122630596160889,0.1482088901102543,0.05076831430196762,93.52960205078125,0.02227652110159397,92.97761535644531,0.0751640535891056,65.53315734863281,0.16815416812896727,16800.0,1452.0,16800.0
0.1085399508350832,0.1622631311416626,0.18797011971473693,0.07789776399731636,75.473876953125,0.03214888647198677,75.07209777832031,0.07792346812784672,46.164608001708984,0.23153865337371826,16900.0,1452.0,16900.0
0.10847174722454019,0.06724662780761718,0.12651528045535088,0.03597167804837227,88.958740234375,0.01707504251971841,88.22679138183594,0.07346855886280537,62.502384185791016,0.1317237138748169,17000.0,1452.0,17000.0
0.10840353884434677,0.09293086528778076,0.21607889384031295,0.09653454236686229,80.11531829833984,0.040084198396652934,81.57234191894531,0.07946015447378159,68.674560546875,0.1592489242553711,17100.0,1452.0,17100.0
0.10833532569083132,0.1479800224304199,0.14695084989070892,0.04880149234086275,91.5323257446289,0.022056683804839848,89.78948974609375,0.07609267383813859,71.7254638671875,0.2150040626525879,17200.0,1452.0,17200.0
0.10826710776031671,0.13157215118408203,0.15826238542795182,0.05566519536077976,86.40518188476562,0.02435573097318411,84.71994018554688,0.07824145630002022,59.85002517700195,0.19786555767059327,17300.0,1452.0,17300.0
0.10819888504912041,0.15074772834777833,0.1717203825712204,0.065890571475029,90.90376281738281,0.027521633170545103,90.67984008789062,0.07830817922949791,67.3879623413086,0.21791553497314453,17400.0,1452.0,17400.0
0.1081306575535545,0.1257765293121338,0.15050108060240747,0.053975246474146844,94.26240539550781,0.02438957653939724,92.97666931152344,0.07213625870645046,69.74773406982422,0.19304559230804444,17500.0,1452.0,17500.0
0.10806242526992589,0.12352867126464843,0.1518765278160572,0.05488208681344986,95.76615905761719,0.022796382755041124,94.91825103759766,0.07419805750250816,62.46757507324219,0.1903357744216919,17600.0,1452.0,17600.0
0.10799418819453567,0.1909921407699585,0.14494327157735826,0.04646944049745798,94.22168731689453,0.02072176691144705,93.9840316772461,0.07775206305086613,68.50833892822266,0.25670976638793946,17700.0,1452.0,17700.0
0.10792594632367966,0.11100397109985352,0.1356867477297783,0.040955197997391224,97.60913848876953,0.017245275992900135,97.08633422851562,0.07748627215623856,72.00183868408203,0.1771850824356079,17800.0,1452.0,17800.0
0.1078576996536481,0.1377943277359009,0.12303596809506416,0.03877539355307817,98.11058044433594,0.016824379470199345,97.202392578125,0.067436196282506,65.25010681152344,0.20354278087615968,17900.0,1452.0,17900.0
0.10778944818072574,0.15262160301208497,0.1599484033882618,0.056144675239920616,92.61808776855469,0.023841364588588477,91.93582153320312,0.07996236383914948,62.92285919189453,0.21881527900695802,18000.0,1452.0,18000.0
0.10772119190119195,0.18655967712402344,0.16686194837093354,0.058617277070879936,90.53907775878906,0.02625141115859151,89.13917541503906,0.08199325911700725,54.4459342956543,0.2530587911605835,18100.0,1452.0,18100.0
0.1076529308113207,0.08272626399993896,0.14544347077608108,0.045509470626711845,90.36712646484375,0.019484748505055903,89.46542358398438,0.08044925034046173,67.78125762939453,0.14794793128967285,18200.0,1452.0,18200.0
0.10758466490738003,0.15552933216094972,0.1621763974428177,0.06525234468281269,80.76791381835938,0.027095451671630143,81.42251586914062,0.06982860080897808,66.7623519897461,0.22254517078399658,18300.0,1452.0,18300.0
0.10751639418563279,0.08353242874145508,0.169710873067379,0.06359306424856186,81.40010833740234,0.026182959601283074,79.52241516113281,0.07993484623730182,58.15296173095703,0.14990153312683105,18400.0,1452.0,18400.0
0.10744811864233618,0.12840795516967773,0.1430592119693756,0.046868883073329926,98.02351379394531,0.020951107330620288,97.45635986328125,0.07523922137916088,69.67792510986328,0.19524726867675782,18500.0,1452.0,18500.0
0.10737983827374196,0.07195384502410888,0.16896271854639053,0.06494155768305063,79.36668395996094,0.026605234108865262,79.46662902832031,0.07741592600941657,56.275367736816406,0.13857567310333252,18600.0,1452.0,18600.0
0.10731155307609613,0.22222964763641356,0.14085765704512596,0.04872770123183727,93.4732437133789,0.020797286182641983,93.50709533691406,0.07133266814053059,69.31114196777344,0.2885964155197144,18700.0,1452.0,18700.0
0.10724326304563933,0.12487540245056153,0.14716219231486322,0.049473991990089415,95.34941101074219,0.019508977979421617,94.17982482910156,0.07817922420799732,71.49887084960938,0.19126057624816895,18800.0,1452.0,18800.0
0.1071749681786064,0.10570194721221923,0.14804139733314514,0.048693973757326606,96.98143005371094,0.021532343421131372,94.71683502197266,0.07781508006155491,73.00996398925781,0.1721652030944824,18900.0,1452.0,18900.0
0.10710666847122657,0.17522273063659669,0.14991670474410057,0.05069250576198101,88.58575439453125,0.021529530454427005,89.0859603881836,0.07769466489553452,70.23896789550781,0.24139142036437988,19000.0,1452.0,19000.0
0.10703836391972385,0.14023103713989257,0.15276501402258874,0.05405674017965793,92.19789123535156,0.024621378723531963,91.22695922851562,0.07408689446747303,73.77043151855469,0.20465466976165772,19100.0,1452.0,19100.0
0.10697005452031605,0.19439637660980225,0.13144995868206025,0.04086512066423893,91.6372299194336,0.018597093410789967,90.42138671875,0.07198774181306362,64.31626892089844,0.26114521026611326,19200.0,1452.0,19200.0
0.10690174026921567,0.17261781692504882,0.1367012895643711,0.0409720154479146,92.7908935546875,0.0181961327791214,92.0479736328125,0.07753314003348351,57.28111267089844,0.23909552097320558,19300.0,1452.0,19300.0
0.1068334211626295,0.1123532772064209,0.14447929412126542,0.052350864931941035,96.89464569091797,0.023908372968435287,96.14639282226562,0.06822005771100521,72.01290130615234,0.1792370557785034,19400.0,1452.0,19400.0
0.10676509719675868,0.13717737197875976,0.17298468723893165,0.06546202190220356,94.05183410644531,0.02662421576678753,93.37091064453125,0.0808984462171793,73.9480972290039,0.20415637493133545,19500.0,1452.0,19500.0
0.10669676836779869,0.243180513381958,0.1456758201122284,0.05042385514825583,90.54421997070312,0.0219733196310699,89.93196105957031,0.0732786450535059,70.42608642578125,0.3105934619903564,19600.0,1452.0,19600.0
0.10662843467193925,0.13471930027008056,0.14357247501611708,0.04562467038631439,90.86246490478516,0.019870054069906475,91.29142761230469,0.0780777506530285,52.90937423706055,0.20002782344818115,19700.0,1452.0,19700.0
0.10656009610536432,0.11437287330627441,0.1910212367773056,0.07660465091466903,91.45193481445312,0.03208801243454218,91.14761352539062,0.08232857286930084,59.06667709350586,0.17992091178894043,19800.0,1452.0,19800.0
0.10649175266425241,0.11228013038635254,0.14912551045417785,0.05195194110274315,78.19995880126953,0.023146496154367924,78.00416564941406,0.0740270733833313,55.31625747680664,0.17803566455841063,19900.0,1452.0,19900.0
0.10642340434477598,0.12776329517364501,0.15518019571900368,0.05780612844973802,95.79344177246094,0.026930250599980353,94.49787139892578,0.07044381648302078,77.74667358398438,0.19420835971832276,20000.0,1452.0,20000.0
0.10635505114310187,0.1303159475326538,0.13302771449089051,0.038659355416893956,95.39842224121094,0.016890468448400496,94.9636459350586,0.07747789211571217,70.13263702392578,0.19731659889221193,20100.0,1452.0,20100.0
0.10628669305539137,0.18090360164642333,0.19996388703584672,0.08345678932964802,93.71986389160156,0.034573991876095535,92.555908203125,0.08193310312926769,79.91504669189453,0.24655508995056152,20200.0,1452.0,20200.0
0.10621833007779964,0.22546079158782958,0.14885099604725838,0.05296503119170666,92.30680847167969,0.023791901860386135,89.97650146484375,0.0720940638333559,72.2513198852539,0.2902489900588989,20300.0,1452.0,20300.0
0.1061499622064763,0.12120680809020996,0.13577913120388985,0.03811925686895847,96.66433715820312,0.01752439858391881,95.36065673828125,0.08013547584414482,72.66731262207031,0.18907358646392822,20400.0,1452.0,20400.0
0.10608158943756502,0.10815730094909667,0.13216637223958969,0.041938678734004496,94.25421142578125,0.018185763992369174,93.03694152832031,0.07204192839562892,56.02531433105469,0.17444164752960206,20500.0,1452.0,20500.0
0.10601321176720396,0.1941140413284302,0.17312325686216354,0.0672460913658142,95.93620300292969,0.027595033776015042,94.57473754882812,0.07828213348984718,64.190673828125,0.26139492988586427,20600.0,1452.0,20600.0
0.10594482919152505,0.12166087627410889,0.1402735009789467,0.04706241190433502,92.65518188476562,0.01973846657201648,92.82970428466797,0.07347261868417262,75.44536590576172,0.18873794078826905,20700.0,1452.0,20700.0
0.1058764417066548,0.10217132568359374,0.14924921616911888,0.05569265708327294,93.44377136230469,0.022001148760318757,92.82283782958984,0.07155541069805622,75.05512237548828,0.1740929365158081,20800.0,1452.0,20800.0
0.10580804930871356,0.1491412878036499,0.16617945954203606,0.06208046935498714,75.36888122558594,0.024086643196642398,78.38153839111328,0.08001234829425811,57.26318359375,0.21777739524841308,20900.0,1452.0,20900.0
0.1057396519938161,0.14272599220275878,0.16900919303297995,0.07050940543413162,96.90809631347656,0.028699122555553912,96.38748168945312,0.06980066746473312,66.31193542480469,0.21379399299621582,21000.0,1452.0,21000.0
0.10567124975807096,0.11740999221801758,0.15091631412506104,0.05218226686120033,94.67754364013672,0.022644935734570028,94.5098876953125,0.07608911171555519,71.35649108886719,0.18535525798797609,21100.0,1452.0,21100.0
0.10560284259758108,0.10331413745880128,0.17682039216160775,0.069061478972435,61.63482666015625,0.029744681995362045,62.368106842041016,0.07801423221826553,61.25173568725586,0.17024989128112794,21200.0,1452.0,21200.0
0.10553443050844363,0.13552253246307372,0.1341358684003353,0.04272387493401766,97.5128173828125,0.01878278683871031,97.04904174804688,0.07262920849025249,77.76126861572266,0.201143479347229,21300.0,1452.0,21300.0
0.10546601348674932,0.14998195171356202,0.1703516386449337,0.06450117118656636,87.01286315917969,0.026305707357823848,88.97743225097656,0.0795447587966919,74.00493621826172,0.21678605079650878,21400.0,1452.0,21400.0
0.10539759152858344,0.1334688186645508,0.13790651187300682,0.040033243037760256,97.18780517578125,0.017693601734936237,96.40541076660156,0.08017966747283936,61.698341369628906,0.20073628425598145,21500.0,1452.0,21500.0
0.10532916463002519,0.15294935703277587,0.14233810529112817,0.044675441645085814,86.20281219482422,0.019948984310030938,83.69512939453125,0.07771367803215981,66.27645874023438,0.2196951389312744,21600.0,1452.0,21600.0
0.10526073278714779,0.13631489276885986,0.157742278277874,0.05784780792891979,91.6757583618164,0.023715342022478582,89.7774658203125,0.07617912739515305,73.52886199951172,0.20339925289154054,21700.0,1452.0,21700.0
0.10519229599601854,0.13066906929016114,0.1403301700949669,0.04863612204790115,94.31657409667969,0.021402496844530106,88.83447265625,0.0702915534377098,81.10838317871094,0.19689087867736815,21800.0,1452.0,21800.0
0.10512385425269866,0.11606075763702392,0.13710962608456612,0.046922849118709566,93.44834899902344,0.021052836254239083,93.25714111328125,0.06913394071161746,72.33352661132812,0.18045442104339598,21900.0,1452.0,21900.0
0.10505540755324361,0.11652579307556152,0.12272878736257553,0.0371992364525795,96.46177673339844,0.01679996307939291,94.90843200683594,0.06872958615422249,72.43709564208984,0.1831674098968506,22000.0,1452.0,22000.0
0.1049869558937026,0.10630061626434326,0.1493108205497265,0.04846422988921404,94.45362091064453,0.020243868604302405,94.01826477050781,0.08060272261500359,70.7967758178711,0.1739131450653076,22100.0,1452.0,22100.0
0.104918499270119,0.08470728397369384,0.13295369520783423,0.04534733649343252,92.8792953491211,0.020066919922828674,92.17109680175781,0.06753943711519242,57.07674026489258,0.1507324457168579,22200.0,1452.0,22200.0
0.10485003767852999,0.10235254764556885,0.1516296498477459,0.05792182944715023,96.63219451904297,0.024394369311630727,93.04008483886719,0.06931345351040363,70.01304626464844,0.16846873760223388,22300.0,1452.0,22300.0
0.10478157111496682,0.11998467445373535,0.11999135911464691,0.03258940782397986,94.31781768798828,0.015422704722732305,93.89019012451172,0.07197924554347992,70.98445892333984,0.1870893955230713,22400.0,1452.0,22400.0
0.10471309957545477,0.11979532241821289,0.15047676265239715,0.049885731935501096,96.84304809570312,0.0213358118198812,95.7620620727539,0.0792552188038826,53.02228927612305,0.18670268058776857,22500.0,1452.0,22500.0
0.10464462305601281,0.1490100860595703,0.1493753246963024,0.05668193399906159,85.51339721679688,0.021120518911629915,85.69364929199219,0.07157287076115608,70.86219787597656,0.21581168174743653,22600.0,1452.0,22600.0
0.10457614155265395,0.17502932548522948,0.15736662819981576,0.053438650816679,94.60124969482422,0.024090385995805264,93.75486755371094,0.0798375889658928,58.49952697753906,0.2422940731048584,22700.0,1452.0,22700.0
0.1045076550613852,0.1506115198135376,0.13814715966582297,0.04716700688004494,93.61076354980469,0.021053419262170792,92.77085876464844,0.06992672942578793,47.51920700073242,0.21756699085235595,22800.0,1452.0,22800.0
0.10443916357820737,0.0789452075958252,0.1257298119366169,0.03586031962186098,94.8293685913086,0.015483588445931673,93.75381469726562,0.07438590414822102,72.85995483398438,0.14527523517608643,22900.0,1452.0,22900.0
0.10437066709911497,0.12177388668060303,0.12917726784944533,0.04102338533848524,89.52198028564453,0.018105173390358685,89.68315124511719,0.0700487107038498,69.37179565429688,0.18797214031219484,23000.0,1452.0,23000.0
0.10430216562009657,0.15717179775238038,0.18095528185367585,0.07536846399307251,91.87020874023438,0.030535143427550794,91.08934020996094,0.075051673874259,71.14677429199219,0.22324202060699463,23100.0,1452.0,23100.0
0.10423365913713475,0.10037775039672851,0.14883578345179557,0.053467190451920034,96.91476440429688,0.02354007204994559,96.20408630371094,0.07182851992547512,70.58648681640625,0.16737806797027588,23200.0,1452.0,23200.0
0.10416514764620546,0.12460818290710449,0.14124952331185342,0.046202626638114454,92.3391342163086,0.01998131200671196,91.12186431884766,0.07506558522582055,52.21519470214844,0.19154131412506104,23300.0,1452.0,23300.0
0.10409663114327888,0.06660702228546142,0.15411282032728196,0.05350586604326964,92.53425598144531,0.021892516501247884,92.529296875,0.07871443554759025,72.22090148925781,0.13339924812316895,23400.0,1452.0,23400.0
0.10402810962431884,0.08093271255493165,0.1260496608912945,0.03687589978799224,91.29991149902344,0.01541990232653916,90.03019714355469,0.0737538579851389,80.9173583984375,0.1475510835647583,23500.0,1452.0,23500.0
0.10395958308528304,0.14881649017333984,0.2233902931213379,0.10208056289702654,78.86323547363281,0.0439022901467979,75.84190368652344,0.07740743979811668,69.53697204589844,0.21684961318969725,23600.0,1452.0,23600.0
0.10389105152212275,0.13801290988922119,0.14936628341674804,0.05407485142350197,96.3692626953125,0.02449489599093795,95.0418472290039,0.07079653292894364,72.73807525634766,0.2015690326690674,23700.0,1452.0,23700.0
0.10382251493078315,0.13985345363616944,0.1513514868915081,0.05271682646125555,82.21302032470703,0.022536243963986635,80.30271911621094,0.07609841637313366,58.81967544555664,0.20723259449005127,23800.0,1452.0,23800.0
0.10375397330720311,0.12069013118743896,0.1602686069905758,0.05876894760876894,94.80429077148438,0.024526245053857566,94.13595581054688,0.07697341367602348,79.38681030273438,0.18714506626129152,23900.0,1452.0,23900.0
0.10368542664731535,0.06907148361206054,0.14251093119382857,0.04872707817703485,97.216796875,0.021682903356850147,96.27523803710938,0.07210094854235649,78.07960510253906,0.13534049987792968,24000.0,1452.0,24000.0
0.10361687494704623,0.12090773582458496,0.11676422730088235,0.035831202566623685,98.11697387695312,0.01583343781530857,97.7364501953125,0.06509958654642105,75.88548278808594,0.18728773593902587,24100.0,1452.0,24100.0
0.10354831820231578,0.13766462802886964,0.15569816455245017,0.052665531262755395,93.365478515625,0.02389354994520545,92.70668029785156,0.07913908362388611,71.66680908203125,0.20373797416687012,24200.0,1452.0,24200.0
0.10347975640903778,0.09839460849761963,0.14930157512426376,0.052082234807312486,93.92976379394531,0.021841911133378744,92.8518295288086,0.07537742778658867,81.96964263916016,0.16312646865844727,24300.0,1452.0,24300.0
0.10341118956311986,0.19629888534545897,0.1628557451069355,0.0568953488022089,96.82112121582031,0.023644653055816887,96.34599304199219,0.08231574147939683,79.99000549316406,0.2643503904342651,24400.0,1452.0,24400.0
0.10334261766046297,0.09726061820983886,0.1640341393649578,0.0648488562554121,90.54727172851562,0.027333529200404882,90.36693572998047,0.07185175269842148,47.48668670654297,0.16394460201263428,24500.0,1452.0,24500.0
0.10327404069696178,0.11872973442077636,0.14247712418437003,0.04707474634051323,85.48860168457031,0.021092548593878747,82.69214630126953,0.07430983111262321,73.00309753417969,0.18488070964813233,24600.0,1452.0,24600.0
0.10320545866850468,0.06190626621246338,0.12983740568161012,0.036469492688775064,95.10430908203125,0.016668609250336884,94.0621337890625,0.07669930271804333,67.66815185546875,0.12845458984375,24700.0,1452.0,24700.0
0.10313687157097358,0.10273466110229493,0.17897735685110092,0.06915143691003323,84.74969482421875,0.029183551482856274,85.75820922851562,0.08064236976206303,82.31802368164062,0.16961333751678467,24800.0,1452.0,24800.0
0.10306827940024428,0.14702510833740234,0.13556745499372483,0.04121890179812908,97.86271667480469,0.018133423663675784,96.7764892578125,0.07621512822806835,72.91221618652344,0.21332166194915772,24900.0,1452.0,24900.0
0.10299968215218591,0.08659000396728515,0.1367208778858185,0.04139478076249361,92.29316711425781,0.0178889200091362,92.47407531738281,0.07743717730045319,81.78091430664062,0.15327675342559816,25000.0,1452.0,25000.0
0.1029310798226612,0.18855774402618408,0.18065353333950043,0.0723923210054636,96.59156799316406,0.029955440759658815,94.49530029296875,0.07830577306449413,71.05894470214844,0.2553530693054199,25100.0,1452.0,25100.0
0.10286247240752644,0.1721585988998413,0.16110229194164277,0.062494346685707566,92.81034851074219,0.025751250423491003,92.23146057128906,0.0728566937148571,84.77067565917969,0.23903391361236573,25200.0,1452.0,25200.0
0.1027938599026316,0.13689892292022704,0.13631983399391173,0.04092969223856926,94.92111206054688,0.018943579122424125,92.70048522949219,0.07644656226038933,62.45698928833008,0.20251693725585937,25300.0,1452.0,25300.0
0.10272524230382006,0.16951746940612794,0.1674351617693901,0.06417314670979976,92.28887939453125,0.02605142816901207,90.88639831542969,0.0772105861455202,65.77568054199219,0.23519597053527833,25400.0,1452.0,25400.0
0.10265661960692862,0.18152639865875245,0.12735700756311416,0.03614365365356207,93.85204315185547,0.01574579244479537,92.00668334960938,0.07546756118535995,65.27243041992188,0.24679892063140868,25500.0,1452.0,25500.0
0.1025879918077878,0.15516438484191894,0.11887407079339027,0.03683376219123602,94.48680877685547,0.01706111105158925,93.829345703125,0.0649791982024908,72.1610107421875,0.2200150966644287,25600.0,1452.0,25600.0
0.10251935890222148,0.12373189926147461,0.19977234974503516,0.08744393475353718,87.27588653564453,0.034888857044279575,83.96930694580078,0.07743955701589585,71.02336883544922,0.18740012645721435,25700.0,1452.0,25700.0
0.102450720886047,0.16198956966400146,0.14970514103770255,0.05188427660614252,91.86239624023438,0.02212523054331541,90.52925109863281,0.07569563537836074,62.76397705078125,0.22797110080718994,25800.0,1452.0,25800.0
0.1023820777550752,0.16198885440826416,0.16171440184116365,0.05775340273976326,91.56436920166016,0.02467194925993681,92.45109558105469,0.07928904592990875,66.47843933105469,0.22879698276519775,25900.0,1452.0,25900.0
0.10231342950511028,0.1556527853012085,0.17319412231445314,0.06511543467640876,92.10997009277344,0.02715723291039467,91.7838134765625,0.0809214547276497,64.79559326171875,0.2218015670776367,26000.0,1452.0,26000.0
0.10224477613195009,0.12410926818847656,0.17075295448303224,0.06389018259942532,92.53187561035156,0.027552282251417638,89.80760192871094,0.07931048832833767,79.6151123046875,0.19204018115997315,26100.0,1452.0,26100.0
0.10217611763138539,0.14046902656555177,0.12509326487779618,0.03829693552106619,94.27356719970703,0.017261759378015995,94.1732406616211,0.06953457407653332,77.719970703125,0.20432727336883544,26200.0,1452.0,26200.0
0.10210745399920107,0.11919865608215333,0.1569695644080639,0.05763117000460625,86.72532653808594,0.023306312505155802,89.21833038330078,0.07603208050131798,45.96662521362305,0.18549976348876954,26300.0,1452.0,26300.0
0.10203878523117474,0.12724971771240234,0.14232984632253648,0.04545125514268875,90.21635437011719,0.019308024458587168,89.8123779296875,0.07757056914269925,69.21891784667969,0.19396190643310546,26400.0,1452.0,26400.0
0.10197011132307757,0.1087803602218628,0.16979483291506767,0.06483678221702575,94.61498260498047,0.02642219290137291,94.37026977539062,0.07853585407137871,59.267616271972656,0.17526581287384033,26500.0,1452.0,26500.0
0.10190143227067432,0.08079676628112793,0.13993621468544007,0.043585697375237945,94.04287719726562,0.018664793763309716,94.0866470336914,0.07768572121858597,50.65450668334961,0.14706597328186036,26600.0,1452.0,26600.0
0.10183274806972294,0.20295445919036864,0.12407320514321327,0.037348496913909915,93.73416900634766,0.017684848979115486,92.05760955810547,0.0690398596227169,60.46638488769531,0.26967644691467285,26700.0,1452.0,26700.0
0.10176405871597459,0.1269294023513794,0.13218669444322587,0.04068246129900217,94.17314147949219,0.016944929771125317,94.75154876708984,0.07455930337309838,50.77953338623047,0.19307239055633546,26800.0,1452.0,26800.0
0.10169536420517368,0.14681580066680908,0.15687261521816254,0.05497288350015879,95.10488891601562,0.023115353658795357,92.771240234375,0.07878437638282776,75.26302337646484,0.21326038837432862,26900.0,1452.0,26900.0
0.10162666453305813,0.12552685737609864,0.13346514105796814,0.040970835089683535,92.77477264404297,0.018742681294679642,91.50352478027344,0.07375162467360497,58.30221176147461,0.1920091152191162,27000.0,1452.0,27000.0
0.10155795969535909,0.1814441204071045,0.1342869758605957,0.04566893111914396,96.96646118164062,0.019131668750196694,96.26789093017578,0.06948637291789055,63.57755661010742,0.24826264381408691,27100.0,1452.0,27100.0
0.10148924968780082,0.12694075107574462,0.11973556876182556,0.03132523149251938,94.36598205566406,0.015262167528271675,93.62373352050781,0.07314816862344742,80.26800537109375,0.1949671983718872,27200.0,1452.0,27200.0
0.10142053450610075,0.15893497467041015,0.13345675840973853,0.042957112193107605,94.75736999511719,0.019900816213339566,94.34518432617188,0.07059883065521717,69.34671020507812,0.22735633850097656,27300.0,1452.0,27300.0
0.10135181414596985,0.1857074975967407,0.1751813367009163,0.06919783875346183,83.24708557128906,0.027055147103965282,81.24818420410156,0.0789283499121666,71.11091613769531,0.25352718830108645,27400.0,1452.0,27400.0
0.10128308860311205,0.18705058097839355,0.11703232526779175,0.034100306779146196,90.38028717041016,0.01547533143311739,89.43500518798828,0.06745668575167656,65.78311920166016,0.2533543109893799,27500.0,1452.0,27500.0
0.10121435787322458,0.10345685482025146,0.12413019612431526,0.03707803245633841,93.50872039794922,0.01598876332864165,94.63996887207031,0.07106339931488037,72.65977478027344,0.16978423595428466,27600.0,1452.0,27600.0
0.10114562195199789,0.09517214298248292,0.13733071014285086,0.045145437121391296,93.61572265625,0.019756723754107954,93.07717895507812,0.07242854982614517,74.60089111328125,0.16292686462402345,27700.0,1452.0,27700.0
0.10107688083511533,0.17167220115661622,0.1327819898724556,0.04234967138618231,95.64552307128906,0.018451357120648028,95.33624267578125,0.07198096141219139,83.81214141845703,0.2358814001083374,27800.0,1452.0,27800.0
0.10100813451825369,0.13339412212371826,0.14744479656219484,0.05427564792335034,85.84308624267578,0.022648186050355436,85.20249938964844,0.07052096016705037,72.89495849609375,0.19898335933685302,27900.0,1452.0,27900.0
0.10093938299708277,0.11733291149139405,0.15835586786270142,0.06044579166918993,89.64089965820312,0.025987948942929506,87.20368957519531,0.07192212566733361,73.05517578125,0.18364326953887938,28000.0,1452.0,28000.0
0.10087062626726542,0.13913378715515137,0.15321333035826684,0.05256602019071579,94.93637084960938,0.020379981398582457,93.68000030517578,0.0802673265337944,73.76870727539062,0.20552678108215333,28100.0,1452.0,28100.0
0.10080186432445773,0.10675125122070313,0.1339841976761818,0.038526952639222144,92.70143127441406,0.01689364267513156,92.07000732421875,0.07856360338628292,70.52860260009766,0.17368104457855224,28200.0,1452.0,28200.0
0.10073309716430866,0.11426680088043213,0.12235292941331863,0.032388792000710966,97.55916595458984,0.014602020382881165,96.80662536621094,0.07536211684346199,68.27526092529297,0.18065118789672852,28300.0,1452.0,28300.0
0.10066432478246044,0.12501757144927977,0.14086836501955985,0.04838783368468284,94.88162994384766,0.020965921599417923,94.39640045166016,0.07151460945606232,60.210609436035156,0.19271323680877686,28400.0,1452.0,28400.0
0.10059554717454823,0.1992976188659668,0.13919881135225295,0.04274394456297159,96.26397705078125,0.018786038830876352,95.4140625,0.07766882665455341,73.05927276611328,0.2675532102584839,28500.0,1452.0,28500.0
0.10052676433620031,0.18714566230773927,0.1380426250398159,0.04006407409906387,97.81875610351562,0.017538731172680854,96.83418273925781,0.08043982163071632,63.22774887084961,0.2524121284484863,28600.0,1452.0,28600.0
0.10045797626303783,0.16331326961517334,0.15253019258379935,0.05174584463238716,95.09382629394531,0.022594684176146983,95.070556640625,0.07818966172635555,76.42640686035156,0.23044259548187257,28700.0,1452.0,28700.0
0.10038918295067505,0.1052243947982788,0.1331327550113201,0.04356942707672715,92.8659439086914,0.019892347464337944,89.81141662597656,0.06967097856104373,56.905364990234375,0.17009449005126953,28800.0,1452.0,28800.0
0.1003203843947192,0.12827484607696532,0.16948119401931763,0.06437874957919121,91.19119262695312,0.026006494741886856,91.14218139648438,0.07909595370292663,59.53350067138672,0.19487433433532714,28900.0,1452.0,28900.0
0.10025158059077059,0.10110988616943359,0.1475135341286659,0.05122069474309683,93.12277221679688,0.020602428819984198,94.67802429199219,0.07569041177630424,68.25189208984375,0.16717913150787353,29000.0,1452.0,29000.0
0.10018277153442219,0.1297903060913086,0.17807659208774568,0.06951852682977915,89.46504211425781,0.02975641218945384,86.50025939941406,0.07880165576934814,52.423763275146484,0.19689223766326905,29100.0,1452.0,29100.0
0.10011395722126008,0.1357227087020874,0.12206128686666488,0.03451014328747988,95.0216293334961,0.01619213158264756,93.51520538330078,0.07135901302099228,78.32708740234375,0.20313923358917235,29200.0,1452.0,29200.0
0.10004513764686304,0.14099760055541993,0.12748890593647957,0.04118682835251093,97.00975036621094,0.01766442572697997,95.92599487304688,0.06863765344023705,82.42234802246094,0.20855457782745362,29300.0,1452.0,29300.0
0.09997631280680308,0.16753287315368653,0.13210417553782464,0.03834346923977137,92.57431030273438,0.016628194693475963,94.04449462890625,0.07713251151144504,55.30805587768555,0.23482763767242432,29400.0,1452.0,29400.0
0.09990748269664497,0.20736877918243407,0.12151917442679405,0.030200780369341373,96.52137756347656,0.014936485514044761,95.6229248046875,0.07638191059231758,82.01904296875,0.2746288776397705,29500.0,1452.0,29500.0
0.09983864731194636,0.18025903701782225,0.13347072452306746,0.04376422762870789,96.60091400146484,0.020267596840858458,95.38631439208984,0.06943890117108822,72.15232849121094,0.24850106239318848,29600.0,1452.0,29600.0
0.09976980664825762,0.12248165607452392,0.1456736572086811,0.05107674710452557,94.36769104003906,0.021490472834557295,94.45962524414062,0.07310643680393696,53.775596618652344,0.18846991062164306,29700.0,1452.0,29700.0
0.099700960701122,0.08948767185211182,0.12384373471140861,0.03747091386467218,91.64409637451172,0.016764975525438784,91.06616973876953,0.06960784494876862,65.6484603881836,0.15616796016693116,29800.0,1452.0,29800.0
0.09963210946607569,0.11707334518432617,0.1415699727833271,0.046688546799123286,88.42477416992188,0.021539166383445264,86.05384826660156,0.07334226071834564,55.57098388671875,0.18448870182037352,29900.0,1452.0,29900.0
0.09956325293864737,0.1146082878112793,0.1411861650645733,0.04532553274184466,97.31683349609375,0.018560600653290748,96.2045669555664,0.07730003260076046,70.42474365234375,0.18307583332061766,30000.0,1452.0,30000.0
