base_lr,lr,data_time,grad_norm,loss,decode.loss_ce.s0,decode.acc_seg.s0,decode.loss_ce.s1,decode.acc_seg.s1,decode.loss_ce.s2,decode.acc_seg.s2,decode.loss_ce.s3,decode.acc_seg.s3,aux.loss_ce,aux.acc_seg,time,iter,memory,step
9.000000000000002e-07,9.000000000000002e-07,0.012626719474792481,249.5181625366211,7.616134405136108,1.4230631709098815,21.277141571044922,1.7699991106986999,21.08907699584961,1.9799244284629822,26.343345642089844,1.8920577406883239,23.649883270263672,0.5510899543762207,32.06462860107422,0.6398543119430542,15.0,15695.0,15.0
5.999999999999996e-06,5.999999999999996e-06,0.013025259971618653,145.9078353881836,5.755953025817871,1.4134477734565736,18.10474395751953,1.2390599489212035,66.43505096435547,1.290919589996338,43.4412956237793,1.2730467677116395,51.38883590698242,0.5394788801670074,52.95429229736328,0.6437726497650147,100.0,15525.0,100.0
1.199999999999997e-05,1.199999999999997e-05,0.010635614395141602,90.27552528381348,4.1752365827560425,1.361796760559082,37.201499938964844,0.7578245520591735,76.19790649414062,0.7651132822036744,74.63693237304688,0.8078876852989196,81.23359680175781,0.4826143026351929,76.23681640625,0.6401742458343506,200.0,15525.0,200.0
1.7999999999999953e-05,1.7999999999999953e-05,0.011911916732788085,39.528710746765135,2.8329246759414675,1.2079398512840271,55.58891296386719,0.4002108559012413,81.70032501220703,0.45287691950798037,76.22756958007812,0.4023837953805923,77.21824645996094,0.36951330304145813,73.50845336914062,0.6436549186706543,300.0,15525.0,300.0
2.3999999999999953e-05,2.3999999999999953e-05,0.010705089569091797,37.278460788726804,2.062128257751465,0.888392323255539,89.145751953125,0.3131355419754982,93.6636962890625,0.29972674399614335,94.30284118652344,0.2883472144603729,94.38400268554688,0.2725263774394989,87.32977294921875,0.6391801595687866,400.0,15525.0,400.0
2.9999999999999977e-05,2.9999999999999977e-05,0.01095881462097168,46.63524875640869,1.930059540271759,0.626675671339035,91.37162780761719,0.3703861221671104,93.04561614990234,0.378608213365078,96.30117797851562,0.3400952011346817,95.14427185058594,0.2142943486571312,93.524169921875,0.639014744758606,500.0,15525.0,500.0
3.6e-05,3.6e-05,0.01059412956237793,25.156907749176025,1.309430831670761,0.45423691868782046,94.29312133789062,0.24114142581820489,93.88885498046875,0.227417653799057,95.29609680175781,0.22556984275579453,94.98243713378906,0.1610649861395359,93.08348083496094,0.6373643398284912,600.0,16857.0,600.0
4.200000000000002e-05,4.200000000000002e-05,0.012629222869873048,21.356983184814453,1.239851325750351,0.3578282505273819,88.17396545410156,0.2730260193347931,94.29931640625,0.23535093367099763,93.71051788330078,0.2398184135556221,92.30365753173828,0.13382772728800774,88.39425659179688,0.6414561033248901,700.0,15524.0,700.0
4.800000000000002e-05,4.800000000000002e-05,0.010575366020202637,16.83184151649475,0.750642716884613,0.2765088453888893,95.07627868652344,0.1274295598268509,95.57160949707031,0.11996753886342049,96.14801025390625,0.12068091966211796,96.26655578613281,0.10605584532022476,94.96430969238281,0.6382299184799194,800.0,15524.0,800.0
5.4000000000000045e-05,5.4000000000000045e-05,0.011287951469421386,50.72954626083374,0.9493496477603912,0.2626053959131241,94.48814392089844,0.19590274840593339,96.14524841308594,0.1830918550491333,97.03207397460938,0.19835873171687127,96.65937805175781,0.10939090400934219,91.09259033203125,0.6397127628326416,900.0,15524.0,900.0
6.000000000000001e-05,6.000000000000001e-05,0.014305496215820312,38.01455130577087,0.9099514842033386,0.2342187061905861,90.96508026123047,0.20980119183659554,91.68977355957031,0.18739139772951602,92.00257873535156,0.18380535617470742,91.65534973144531,0.09473479762673379,87.4441146850586,0.6566990852355957,1000.0,15524.0,1000.0
6.000000000000001e-05,6.000000000000001e-05,0.01075887680053711,34.91503596305847,1.1319967836141587,0.24678997397422792,88.64450073242188,0.2789108071476221,86.8703842163086,0.2541101656854153,88.33484649658203,0.24763365350663663,87.92619323730469,0.10455219559371472,88.70830535888672,0.6382937669754029,1100.0,15524.0,1100.0
6.000000000000001e-05,6.000000000000001e-05,0.010775160789489747,19.488800382614137,0.5985831260681153,0.1652114637196064,94.55900573730469,0.13346775770187377,93.89686584472656,0.11457547694444656,94.20700073242188,0.1133961834013462,94.18402099609375,0.07193224839866161,94.17695617675781,0.6372716188430786,1200.0,15524.0,1200.0
6.000000000000001e-05,6.000000000000001e-05,0.010494756698608398,10.32815055847168,0.605319032073021,0.1585309013724327,98.34222412109375,0.12182507626712322,98.14205169677734,0.1194761648774147,98.32725524902344,0.1300952523946762,98.51341247558594,0.07539163064211607,96.72174072265625,0.6361130952835083,1300.0,15524.0,1300.0
6.000000000000001e-05,6.000000000000001e-05,0.010854601860046387,15.065649175643921,0.487622532248497,0.10721293836832047,97.25485229492188,0.1184237975627184,97.06144714355469,0.10417971052229405,97.39437103271484,0.10484501421451568,97.46865844726562,0.05296108219772577,96.85087585449219,0.6379668951034546,1400.0,15524.0,1400.0
6.000000000000001e-05,6.000000000000001e-05,0.013404107093811036,17.590434288978578,0.39753502160310744,0.10739104673266411,94.56958770751953,0.07761941328644753,95.15885925292969,0.08063942268490791,95.01495361328125,0.08142258189618587,95.20559692382812,0.0504625553265214,92.98744201660156,0.6477385997772217,1500.0,15524.0,1500.0
6.000000000000001e-05,6.000000000000001e-05,0.0109358549118042,7.553697347640991,0.3211041152477264,0.0837063767015934,95.74031829833984,0.06607388965785503,96.32148742675781,0.06633535362780094,95.79696655273438,0.0665020726621151,95.65077209472656,0.0384864192456007,93.74046325683594,0.6365596532821656,1600.0,15524.0,1600.0
6.000000000000001e-05,6.000000000000001e-05,0.012046718597412109,10.82044426202774,0.3377513140439987,0.0875372540205717,97.39933013916016,0.07383110467344522,96.92211151123047,0.0701729018241167,97.06353759765625,0.06623739488422871,96.96168518066406,0.03997266404330731,97.0693588256836,0.6418746948242188,1700.0,15524.0,1700.0
6.000000000000001e-05,6.000000000000001e-05,0.01128218173980713,30.686981081962585,0.9270592719316483,0.17510472014546394,94.15617370605469,0.21078619360923767,94.87905883789062,0.24998710080981254,95.11404418945312,0.2129569437354803,94.90299224853516,0.07822430226951838,93.5445785522461,0.6368331432342529,1800.0,15524.0,1800.0
6.000000000000001e-05,6.000000000000001e-05,0.010114359855651855,27.670789086818694,0.6122530743479728,0.1410106375813484,95.97721099853516,0.1456927765160799,95.35484313964844,0.13025164119899274,95.31269073486328,0.13096269983798264,95.52507019042969,0.06433531269431114,95.47300720214844,0.63461275100708,1900.0,15524.0,1900.0
6.000000000000001e-05,6.000000000000001e-05,0.012090635299682618,9.075590169429779,0.3890733852982521,0.09336488656699657,97.1343994140625,0.08105061315000057,96.7886962890625,0.08397409804165364,97.13401794433594,0.08257138840854168,97.20602416992188,0.04811239577829838,96.22010803222656,0.6416291713714599,2000.0,15524.0,2000.0
6.000000000000001e-05,6.000000000000001e-05,0.011945223808288575,4.179949176311493,0.22744551077485084,0.05831706300377846,95.04632568359375,0.04541196748614311,96.99906921386719,0.045423461869359014,96.89865112304688,0.04794053174555302,96.30593872070312,0.030352488160133362,93.99786376953125,0.6406691789627075,2100.0,15524.0,2100.0
6.000000000000001e-05,6.000000000000001e-05,0.011759710311889649,7.447745668888092,0.2837626993656158,0.06427093222737312,98.64044189453125,0.06590318717062474,98.6990966796875,0.06239558942615986,98.71530151367188,0.06015564277768135,98.70309448242188,0.03103735074400902,98.37045288085938,0.6399007558822631,2200.0,15524.0,2200.0
6.000000000000001e-05,6.000000000000001e-05,0.011320233345031738,10.5735612988472,0.31984139382839205,0.07351144701242447,97.53561401367188,0.06834863014519214,97.37882995605469,0.07016856260597706,97.7823257446289,0.0684509426355362,97.94760131835938,0.0393618069589138,97.78251647949219,0.63687105178833,2300.0,15524.0,2300.0
6.000000000000001e-05,6.000000000000001e-05,0.0130523681640625,10.653432869911194,0.32435072809457777,0.07676884643733502,98.5036849975586,0.0707909818738699,98.57377624511719,0.06919209025800228,98.53591918945312,0.06676793210208416,98.53697204589844,0.04083087593317032,98.34718322753906,0.6457417249679566,2400.0,15524.0,2400.0
6.000000000000001e-05,6.000000000000001e-05,0.010994267463684083,14.592185819149018,0.27797048091888427,0.06670463904738426,95.265869140625,0.05451788753271103,95.8670654296875,0.0561757929623127,95.91035461425781,0.06087890155613422,95.98397827148438,0.03969325423240662,94.622802734375,0.6378364562988281,2500.0,15524.0,2500.0
6.000000000000001e-05,6.000000000000001e-05,0.01195821762084961,5.346786391735077,0.22284312546253204,0.053719551861286165,95.85952758789062,0.04830567836761475,96.044921875,0.047432439588010314,96.19522094726562,0.04801860097795725,96.112060546875,0.025366855412721635,94.97108459472656,0.6391831874847412,2600.0,15524.0,2600.0
6.000000000000001e-05,6.000000000000001e-05,0.012275624275207519,20.790960133075714,0.6259914167225361,0.15025659389793872,90.73171997070312,0.1423621727153659,90.96870422363281,0.1296868583187461,90.88525390625,0.12985840924084185,90.87571716308594,0.07382737072184682,89.15348052978516,0.6426183223724365,2700.0,15524.0,2700.0
6.000000000000001e-05,6.000000000000001e-05,0.013648700714111329,9.080879557132722,0.3492168739438057,0.08275958523154259,97.28565216064453,0.08103709556162357,97.66798400878906,0.07486949674785137,97.68972778320312,0.07410949859768153,97.6999282836914,0.03644120739772916,96.21572875976562,0.6494637250900268,2800.0,15524.0,2800.0
6.000000000000001e-05,6.000000000000001e-05,0.013356709480285644,35.42511620521545,0.328389498591423,0.07737409099936485,98.3163833618164,0.07684042770415545,98.33087921142578,0.06813152320683002,98.39048767089844,0.06905744820833207,98.36997985839844,0.03698601266369224,98.28948974609375,0.6484476089477539,2900.0,15524.0,2900.0
6.000000000000001e-05,6.000000000000001e-05,0.010518765449523926,15.365199387073517,0.2989794388413429,0.07629665285348892,98.64053344726562,0.06572823002934455,98.59294891357422,0.05768088418990373,98.88019561767578,0.06087900139391422,98.86322021484375,0.03839466627687216,98.56433868408203,0.6383390665054322,3000.0,15524.0,3000.0
6.000000000000001e-05,6.000000000000001e-05,0.010545921325683594,7.340913170576096,0.24189581274986266,0.052589594200253484,96.02059936523438,0.0483075276017189,96.24681091308594,0.054708067514002326,96.19818115234375,0.05850566290318966,96.11654663085938,0.027784962207078934,95.12615203857422,0.6396050214767456,3100.0,15524.0,3100.0
6.000000000000001e-05,6.000000000000001e-05,0.012612032890319824,9.100149467587471,0.20219609290361404,0.044367922469973564,98.60000610351562,0.0459278617054224,98.59580993652344,0.04545593075454235,98.59114074707031,0.046258953586220744,98.58961486816406,0.02018542177975178,98.23265075683594,0.6439009666442871,3200.0,15524.0,3200.0
6.000000000000001e-05,6.000000000000001e-05,0.011032581329345703,6.129998528957367,0.19074039831757544,0.042941991984844205,97.63717651367188,0.040509814955294134,97.71470642089844,0.04156194627285004,97.72940063476562,0.04232377931475639,97.72148132324219,0.023402870632708073,96.97380065917969,0.6425534963607789,3300.0,15524.0,3300.0
6.000000000000001e-05,6.000000000000001e-05,0.011994266510009765,3.6703541040420533,0.19562410488724707,0.046687588281929496,98.85177612304688,0.04202960468828678,98.93035888671875,0.0413555646315217,98.92387390136719,0.04164910539984703,98.9522933959961,0.023902242816984654,97.78060913085938,0.6435025930404663,3400.0,15524.0,3400.0
6.000000000000001e-05,6.000000000000001e-05,0.014052009582519532,2.7331222891807556,0.19141974076628684,0.044015785306692125,98.64396667480469,0.0424464363604784,98.72207641601562,0.04113935474306345,98.71168518066406,0.03978925310075283,98.7020492553711,0.024028911720961332,98.34451293945312,0.6464438199996948,3500.0,15524.0,3500.0
6.000000000000001e-05,6.000000000000001e-05,0.01519310474395752,14.020167219638825,0.2296621598303318,0.055341058410704136,99.25566101074219,0.05249942876398563,99.26443481445312,0.04574620872735977,99.25518035888672,0.04713880494236946,99.25126647949219,0.028936663828790187,98.53839874267578,0.6460022926330566,3600.0,15524.0,3600.0
6.000000000000001e-05,6.000000000000001e-05,0.011663293838500977,2.552010041475296,0.18376618325710298,0.04102821834385395,98.92501831054688,0.040734539926052096,98.86618041992188,0.04043374489992857,98.886962890625,0.04103103075176477,98.88725280761719,0.02053864300251007,98.64120483398438,0.6415616750717164,3700.0,15524.0,3700.0
6.000000000000001e-05,6.000000000000001e-05,0.01108412742614746,11.013184288144112,0.22595006972551346,0.04838443174958229,96.87232971191406,0.04599811919033527,96.76255798339844,0.049914301931858064,96.22268676757812,0.0537982577458024,95.96633911132812,0.027854960318654774,96.25911712646484,0.6400217771530151,3800.0,15524.0,3800.0
6.000000000000001e-05,6.000000000000001e-05,0.013649272918701171,6.808911699056625,0.1738854393362999,0.04185497760772705,98.92997741699219,0.03763990234583616,99.04727935791016,0.03688032887876034,99.03812408447266,0.03706467691808939,99.02019500732422,0.02044554939493537,98.33497619628906,0.6456441164016724,3900.0,15524.0,3900.0
6.000000000000001e-05,6.000000000000001e-05,0.011887168884277344,3.7996011078357697,0.1719268873333931,0.038921904377639295,98.25639343261719,0.036978322081267834,98.28109741210938,0.0366963604465127,98.30036163330078,0.03659323435276747,98.28691101074219,0.022737064585089683,97.90963745117188,0.645409631729126,4000.0,15524.0,4000.0
6.000000000000001e-05,6.000000000000001e-05,0.011263442039489747,7.986249488592148,0.3328899748623371,0.0750125840306282,98.0294189453125,0.0774278275668621,97.95846557617188,0.07355392035096883,97.98536682128906,0.07433609180152416,97.98173522949219,0.032559563592076304,97.84679412841797,0.6403719186782837,4100.0,15524.0,4100.0
6.000000000000001e-05,6.000000000000001e-05,0.01057281494140625,3.160365974903107,0.14698174968361855,0.032994122989475724,98.78549194335938,0.03198910392820835,98.72941589355469,0.032393619418144226,98.7283706665039,0.032883689552545545,98.71015930175781,0.016721211373806,98.56996154785156,0.6395630359649658,4200.0,15524.0,4200.0
6.000000000000001e-05,6.000000000000001e-05,0.013761687278747558,3.2206031382083893,0.15403775349259377,0.03500432670116425,98.65388488769531,0.034866883791983126,98.79817962646484,0.0335170641541481,98.73771667480469,0.032983250170946124,98.7274169921875,0.017666231282055377,98.43616485595703,0.6449196338653564,4300.0,15524.0,4300.0
6.000000000000001e-05,6.000000000000001e-05,0.012522721290588379,1.36713927090168,0.15365799590945245,0.034881519712507726,98.88200378417969,0.03358602207154036,98.9205322265625,0.03347511049360037,98.9339828491211,0.033230159617960456,98.90852355957031,0.018485183268785475,98.09036254882812,0.648536205291748,4400.0,15524.0,4400.0
6.000000000000001e-05,6.000000000000001e-05,0.010768985748291016,5.209131559729576,0.14624641388654708,0.03347625266760588,98.23074340820312,0.02939488720148802,98.7203598022461,0.03126925230026245,98.11830139160156,0.03332753069698811,97.50251770019531,0.018778488598763944,97.83354187011719,0.6397467851638794,4500.0,15524.0,4500.0
6.000000000000001e-05,6.000000000000001e-05,0.010707449913024903,3.052704691886902,0.1596516378223896,0.035448154993355276,97.86405944824219,0.0364609856158495,97.46589660644531,0.03603798598051071,97.40009307861328,0.035091201215982436,97.57394409179688,0.01661331029608846,97.70651245117188,0.642144250869751,4600.0,15524.0,4600.0
6.000000000000001e-05,6.000000000000001e-05,0.01111288070678711,14.337337219715119,0.2089175708591938,0.052116104401648045,98.21501159667969,0.04667664244771004,98.18553924560547,0.042411578446626665,98.19526672363281,0.04130447804927826,98.16407775878906,0.02640876844525337,97.94063568115234,0.6471787929534912,4700.0,15524.0,4700.0
6.000000000000001e-05,6.000000000000001e-05,0.010528874397277833,1.7660463094711303,0.1704729162156582,0.038103781174868345,97.01089477539062,0.0369932459667325,96.97742462158203,0.03774946248158813,96.84342956542969,0.03774755969643593,96.97714233398438,0.019878869829699396,96.79060363769531,0.6402860164642334,4800.0,15524.0,4800.0
6.000000000000001e-05,6.000000000000001e-05,0.011696124076843261,9.426236134767532,0.1954759106040001,0.048481845483183864,99.0997314453125,0.044749115221202375,99.07474517822266,0.040875226445496085,99.08008575439453,0.03883760180324316,99.08743286132812,0.02253212556242943,98.82269287109375,0.6426254987716675,4900.0,15524.0,4900.0
6.000000000000001e-05,6.000000000000001e-05,0.011359024047851562,4.618151986598969,0.1791019044816494,0.03796424269676209,97.3398208618164,0.04094279296696186,96.83189392089844,0.04057798776775599,96.34751892089844,0.04068760965019465,96.81654357910156,0.01892927512526512,96.48713684082031,0.644471549987793,5000.0,15524.0,5000.0
6.000000000000001e-05,6.000000000000001e-05,0.010918831825256348,13.667215180397033,0.19900592528283595,0.043998779729008675,99.64351654052734,0.04414798561483622,99.64122772216797,0.04343337863683701,99.63912963867188,0.04297453928738833,99.63578796386719,0.024451243039220572,99.41358947753906,0.637619137763977,5100.0,15524.0,5100.0
6.000000000000001e-05,6.000000000000001e-05,0.011764216423034667,7.605838283896446,0.16546219512820243,0.03854692094027996,98.05450439453125,0.03567718490958214,98.07415008544922,0.03561333548277616,98.061279296875,0.03587383721023798,98.06336975097656,0.019750918634235858,97.89924621582031,0.6409229516983033,5200.0,15524.0,5200.0
6.000000000000001e-05,6.000000000000001e-05,0.011070990562438964,1.151866376399994,0.14669134318828583,0.0332271721214056,98.06594848632812,0.03190591037273407,98.04801940917969,0.032104145549237725,98.00978088378906,0.03191316779702902,98.02275085449219,0.017540947441011666,97.34573364257812,0.6437533855438232,5300.0,15524.0,5300.0
6.000000000000001e-05,6.000000000000001e-05,0.011977362632751464,5.47624996304512,0.19987382367253304,0.04491989426314831,98.08111572265625,0.0471550028771162,97.85813903808594,0.04371668118983507,97.927001953125,0.0435798117890954,97.98078918457031,0.020502434438094498,98.04925537109375,0.6435232639312745,5400.0,15524.0,5400.0
6.000000000000001e-05,6.000000000000001e-05,0.01141343116760254,3.058420646190643,0.16004859805107116,0.03662073537707329,98.63777160644531,0.03332947995513678,98.65464782714844,0.03392600454390049,98.6703872680664,0.03392554260790348,98.66304016113281,0.022246837615966797,98.09799194335938,0.6410976409912109,5500.0,15524.0,5500.0
6.000000000000001e-05,6.000000000000001e-05,0.010919451713562012,3.6010304152965547,0.13397230952978134,0.03017104445025325,98.82478332519531,0.028998192772269248,98.82087707519531,0.029272450506687163,98.82765197753906,0.02962376084178686,98.82888793945312,0.015906859934329987,98.73332977294922,0.6416967153549195,5600.0,15524.0,5600.0
6.000000000000001e-05,6.000000000000001e-05,0.01336359977722168,1.8914657950401306,0.12088360860943795,0.027363605797290802,99.36056518554688,0.026560731697827578,99.34158325195312,0.02681550206616521,99.34701538085938,0.026739926636219026,99.3438720703125,0.013403839617967605,99.09048461914062,0.646068525314331,5700.0,15524.0,5700.0
6.000000000000001e-05,6.000000000000001e-05,0.013527584075927735,1.664125993847847,0.1225695215165615,0.02727406518533826,99.30352783203125,0.026963769644498824,99.2990493774414,0.02689042016863823,99.28970336914062,0.026993074361234902,99.29885864257812,0.014448192715644837,99.09181213378906,0.6481462240219116,5800.0,15524.0,5800.0
6.000000000000001e-05,6.000000000000001e-05,0.010890340805053711,5.005302435159683,0.1791800431907177,0.039459447003901006,98.85969543457031,0.040097770467400554,98.85101318359375,0.03927607592195272,98.86150360107422,0.03815698735415936,98.85940551757812,0.022189761884510516,98.66085052490234,0.638347053527832,5900.0,15524.0,5900.0
6.000000000000001e-05,6.000000000000001e-05,0.010630989074707031,5.981530177593231,0.19940593838691711,0.04870878746733069,98.31199645996094,0.0417809845879674,98.4444580078125,0.04020770164206624,98.38504791259766,0.040482834354043006,98.37722778320312,0.028225638344883917,97.22662353515625,0.6376633882522583,6000.0,15524.0,6000.0
6.000000000000001e-05,6.000000000000001e-05,0.011555624008178712,7.4317988604307175,0.4573347721248865,0.099973607622087,99.03755187988281,0.1032703785225749,99.00694274902344,0.10129992188885809,99.03411865234375,0.09932290986180306,99.0285873413086,0.05346796661615372,98.74305725097656,0.6395446300506592,6100.0,15524.0,6100.0
6.000000000000001e-05,6.000000000000001e-05,0.011215806007385254,1.0466475158929824,0.11967060193419457,0.027201728895306587,99.24201965332031,0.02629039539024234,99.2757797241211,0.02636829698458314,99.27711486816406,0.026285086479038,99.2645263671875,0.0135250941850245,98.84901428222656,0.6390491485595703,6200.0,15524.0,6200.0
6.000000000000001e-05,6.000000000000001e-05,0.012898635864257813,5.350289648771286,0.13664404153823853,0.02928102631121874,98.78787994384766,0.031047162599861622,98.41889953613281,0.03111204840242863,98.54011535644531,0.030830595083534716,98.55365753173828,0.014373210445046424,98.41889953613281,0.6409526824951172,6300.0,15524.0,6300.0
6.000000000000001e-05,6.000000000000001e-05,0.011820197105407715,5.033115503191948,0.26269482225179674,0.06442545372992754,99.07112121582031,0.05632798261940479,99.07341003417969,0.05402910150587559,99.10040283203125,0.054958350211381915,99.13597106933594,0.03295393250882626,98.5025405883789,0.6394501209259034,6400.0,15524.0,6400.0
6.000000000000001e-05,6.000000000000001e-05,0.010518288612365723,8.076723632216453,0.17779223546385764,0.04339987058192492,99.09811401367188,0.0394395001232624,99.08685302734375,0.037803455628454684,99.09944152832031,0.03776157815009355,99.08466339111328,0.019387832563370466,98.98004150390625,0.6381338596343994,6500.0,15524.0,6500.0
6.000000000000001e-05,6.000000000000001e-05,0.01378929615020752,0.8491638451814651,0.10309481769800186,0.022627916373312473,98.90060424804688,0.02261114474385977,98.88887023925781,0.02274682614952326,98.8839111328125,0.022741055488586424,98.88848876953125,0.01236787587404251,98.7548828125,0.6449479579925537,6600.0,15524.0,6600.0
6.000000000000001e-05,6.000000000000001e-05,0.010528564453125,2.199382263422012,0.12315806299448014,0.02668156735599041,99.01380920410156,0.028130551800131798,98.92568969726562,0.026939138770103455,98.98910522460938,0.027194156125187875,98.97232055664062,0.014212649688124657,98.64349365234375,0.6367825269699097,6700.0,15524.0,6700.0
6.000000000000001e-05,6.000000000000001e-05,0.01193859577178955,3.1746613174676894,0.1322680912911892,0.02839334961026907,99.09896850585938,0.029379132110625504,99.1476058959961,0.028984256274998187,99.14665222167969,0.029448912292718888,99.1342544555664,0.016062441281974316,98.96269226074219,0.6417448282241821,6800.0,15524.0,6800.0
6.000000000000001e-05,6.000000000000001e-05,0.01083228588104248,10.785860493779182,0.18528881371021272,0.04173472998663783,98.97689819335938,0.0367913119494915,98.94676208496094,0.040055531449615954,98.947998046875,0.03900507939979434,98.9449462890625,0.02770216381177306,98.21099853515625,0.6398753643035888,6900.0,15524.0,6900.0
6.000000000000001e-05,6.000000000000001e-05,0.012038397789001464,5.804132021963596,0.23319818452000618,0.05526293851435184,99.04794311523438,0.04685091180726886,99.00932312011719,0.04994092043489218,99.02324676513672,0.05291726570576429,99.01409149169922,0.028226150665432215,98.63529205322266,0.6435314893722535,7000.0,15524.0,7000.0
6.000000000000001e-05,6.000000000000001e-05,0.013538956642150879,2.98624609708786,0.14661293402314185,0.03332618325948715,99.3734359741211,0.032851999066770075,99.36103820800781,0.03221562094986439,99.35884094238281,0.031993082538247106,99.35235595703125,0.01622605323791504,99.07807922363281,0.6439036846160888,7100.0,15524.0,7100.0
6.000000000000001e-05,6.000000000000001e-05,0.010917997360229493,6.347609567642212,0.15625810474157334,0.034561526589095594,99.28903198242188,0.03345623053610325,99.23667907714844,0.031667818501591685,99.24726867675781,0.031151532381772994,99.24172973632812,0.025420995336025952,99.08084869384766,0.6389730215072632,7200.0,15524.0,7200.0
6.000000000000001e-05,6.000000000000001e-05,0.010622906684875488,0.8529590964317322,0.10378037244081498,0.02321806699037552,98.85702514648438,0.022786013875156642,98.90861511230469,0.022801080904901027,98.87771606445312,0.023014334216713905,98.88019561767578,0.011960877478122712,98.65713500976562,0.6369112730026245,7300.0,15524.0,7300.0
6.000000000000001e-05,6.000000000000001e-05,0.010702204704284669,1.2534626454114914,0.10402426347136498,0.023043679911643265,99.19577026367188,0.022912323102355005,99.21379089355469,0.022723541408777238,99.21102905273438,0.022546099964529276,99.20663452148438,0.012798620527610183,98.95867919921875,0.639453387260437,7400.0,15524.0,7400.0
6.000000000000001e-05,6.000000000000001e-05,0.010897278785705566,2.487457999587059,0.12004679515957832,0.027642048057168724,98.50244140625,0.02586236484348774,98.9023208618164,0.0254966557957232,98.96726989746094,0.025572128407657147,98.92930603027344,0.015473600057885051,98.58341217041016,0.6404922246932984,7500.0,15524.0,7500.0
6.000000000000001e-05,6.000000000000001e-05,0.010667967796325683,1.6025820672512054,0.13247148171067238,0.029342255741357803,99.08084869384766,0.02938661240041256,99.01561737060547,0.028920096531510352,99.02381896972656,0.0290960606187582,99.01409149169922,0.015726451575756074,98.96040344238281,0.6375606060028076,7600.0,15524.0,7600.0
6.000000000000001e-05,6.000000000000001e-05,0.01069176197052002,8.190606358647347,0.2466353267431259,0.05517304465174675,99.32441711425781,0.05430198274552822,99.31306457519531,0.05613925084471703,99.30677795410156,0.05493263751268387,99.31478881835938,0.026088404189795255,99.00875091552734,0.6382513046264648,7700.0,15524.0,7700.0
6.000000000000001e-05,6.000000000000001e-05,0.01089162826538086,20.4324723303318,0.18860536813735962,0.04544580988585949,98.78645324707031,0.04672454409301281,98.79446411132812,0.040192531421780586,98.79637145996094,0.035339703969657424,98.81181335449219,0.02090277853421867,98.49539184570312,0.6399775743484497,7800.0,15524.0,7800.0
6.000000000000001e-05,6.000000000000001e-05,0.010558891296386718,4.974578788876533,0.1365400470793247,0.03217617832124233,99.53909301757812,0.02753763310611248,99.56321716308594,0.028339998424053194,99.56597900390625,0.030948743876069783,99.55892944335938,0.017537494329735635,99.41444396972656,0.6396505117416382,7900.0,15524.0,7900.0
6.000000000000001e-05,6.000000000000001e-05,0.010578632354736328,4.8016060322523115,0.11598520576953888,0.026714289002120493,97.31283569335938,0.024677521921694277,97.44195556640625,0.024765860754996538,97.45645141601562,0.025057982467114926,97.43986511230469,0.014769552648067475,97.06411743164062,0.6415394306182861,8000.0,15524.0,8000.0
6.000000000000001e-05,6.000000000000001e-05,0.011324238777160645,1.448286572098732,0.09743842035531998,0.021539903432130813,99.44276428222656,0.021342887356877328,99.4485855102539,0.02153880801051855,99.46136474609375,0.021527575515210628,99.4527816772461,0.01148924850858748,99.11041259765625,0.6392914056777954,8100.0,15524.0,8100.0
6.000000000000001e-05,6.000000000000001e-05,0.010541892051696778,1.3521384745836258,0.11885956563055515,0.025623918883502482,99.0182876586914,0.02677871435880661,99.01266479492188,0.02667752392590046,99.03125762939453,0.02679708171635866,99.02830505371094,0.012982326047495007,98.68058776855469,0.6380021572113037,8200.0,15524.0,8200.0
6.000000000000001e-05,6.000000000000001e-05,0.012119197845458984,0.8935837417840957,0.11069488376379014,0.02469751052558422,99.10307312011719,0.02442181147634983,99.11384582519531,0.02482172381132841,99.09820556640625,0.024771426059305667,99.10125732421875,0.011982410959899426,98.895263671875,0.6431087970733642,8300.0,15524.0,8300.0
6.000000000000001e-05,6.000000000000001e-05,0.010905289649963379,19.68961047232151,0.4101110264658928,0.10534516964107751,99.43485260009766,0.08785402560606599,99.44830322265625,0.0863418236374855,99.44486999511719,0.09078951962292195,99.4424819946289,0.03978051096200943,99.11470031738281,0.6397059202194214,8400.0,15524.0,8400.0
6.000000000000001e-05,6.000000000000001e-05,0.01075451374053955,1.2771175265312196,0.09735144078731536,0.02193525470793247,99.086669921875,0.02124590054154396,99.11117553710938,0.021323144994676115,99.10897827148438,0.021502166986465454,99.11937713623047,0.011344973370432854,99.09391784667969,0.6395096778869629,8500.0,15524.0,8500.0
6.000000000000001e-05,6.000000000000001e-05,0.01092219352722168,3.2511733040213584,0.11916762962937355,0.02664394285529852,98.92892456054688,0.026006610319018363,98.9022216796875,0.026045252196490766,98.8944091796875,0.026084320899099112,98.87275695800781,0.014387504570186139,98.81906127929688,0.639361834526062,8600.0,15524.0,8600.0
6.000000000000001e-05,6.000000000000001e-05,0.010675358772277831,9.72370416969061,0.24214570932090282,0.05944854291155934,99.3782958984375,0.05422328673303127,99.39022064208984,0.047878161445260047,99.39889526367188,0.049813682399690154,99.3988037109375,0.030782031966373323,99.25518035888672,0.6398516416549682,8700.0,15524.0,8700.0
6.000000000000001e-05,6.000000000000001e-05,0.011127948760986328,3.9334585279226304,0.1258505955338478,0.026763220131397248,98.84757995605469,0.027683934196829796,98.84977722167969,0.02908612685278058,98.86579895019531,0.029649380780756473,98.87437438964844,0.012667935248464346,98.773193359375,0.6411036968231201,8800.0,15524.0,8800.0
6.000000000000001e-05,6.000000000000001e-05,0.011366939544677735,3.266176274418831,0.09826604425907134,0.021423181984573603,99.35150146484375,0.02157655656337738,99.33900451660156,0.02142869457602501,99.34701538085938,0.021571775525808336,99.35560607910156,0.012265837378799915,99.057861328125,0.6426375865936279,8900.0,15524.0,8900.0
6.000000000000001e-05,6.000000000000001e-05,0.011418819427490234,19.392356765270232,0.24126721881330013,0.06055139573290944,99.51353454589844,0.05675021624192596,99.51791381835938,0.05209388136863709,99.51124572753906,0.05268551167100668,99.51066589355469,0.019186200900003315,99.47624206542969,0.6432762384414673,9000.0,15524.0,9000.0
6.000000000000001e-05,6.000000000000001e-05,0.011055421829223634,5.88539782166481,0.47297751232981683,0.12638855120167136,99.41911315917969,0.1018492610193789,99.44505310058594,0.09750929139554501,99.44563293457031,0.09834192553535104,99.44276428222656,0.04888850161805749,98.85626220703125,0.6394703626632691,9100.0,15524.0,9100.0
6.000000000000001e-05,6.000000000000001e-05,0.011691069602966309,2.91440244615078,0.13536416925489902,0.030278356932103633,99.118896484375,0.02941084820777178,99.090576171875,0.030276239849627018,99.11518096923828,0.02955325599759817,99.10630798339844,0.01584547311067581,99.07360076904297,0.6416867971420288,9200.0,15524.0,9200.0
6.000000000000001e-05,6.000000000000001e-05,0.011795735359191895,4.9702642753720285,0.227899456769228,0.05510902646929026,93.39112854003906,0.04847197700291872,93.57051849365234,0.04689705278724432,93.46571350097656,0.046557567454874514,93.57499694824219,0.030863832123577593,91.3595199584961,0.6434653520584106,9300.0,15524.0,9300.0
6.000000000000001e-05,6.000000000000001e-05,0.013272619247436524,5.484673745930195,0.11718874536454678,0.026221630349755286,99.20234680175781,0.02733408324420452,99.21426391601562,0.025186892412602902,99.21722412109375,0.024836828652769326,99.2117919921875,0.013609310798346996,98.96125793457031,0.6425370693206787,9400.0,15524.0,9400.0
6.000000000000001e-05,6.000000000000001e-05,0.010737776756286621,1.8966015070676803,0.0968889407813549,0.0217579385265708,99.51791381835938,0.021520798839628697,99.52668762207031,0.02142144478857517,99.52230834960938,0.021377609577029943,99.52316284179688,0.010811149422079325,99.26986694335938,0.6396170616149902,9500.0,15524.0,9500.0
6.000000000000001e-05,6.000000000000001e-05,0.010563254356384277,0.8962851166725159,0.0854762963950634,0.019126448221504687,99.57427978515625,0.018359857238829137,99.59049224853516,0.018500666506588458,99.59259033203125,0.018657712917774915,99.58810424804688,0.010831612534821034,98.98748779296875,0.6380433320999146,9600.0,15524.0,9600.0
6.000000000000001e-05,6.000000000000001e-05,0.012094712257385254,1.4207888573408127,0.10426080599427223,0.022649215906858443,98.9187240600586,0.023185400106012822,98.9187240600586,0.023244096897542477,98.90814208984375,0.023062689788639547,98.91404724121094,0.012119403667747974,98.54859924316406,0.6417942047119141,9700.0,15524.0,9700.0
6.000000000000001e-05,6.000000000000001e-05,0.010691666603088379,2.07083722949028,0.09570209681987762,0.021320664696395396,99.19872283935547,0.021020437870174647,99.18479919433594,0.021049364097416402,99.19071197509766,0.021036818996071814,99.19900512695312,0.011274810507893562,98.90776062011719,0.6387212753295899,9800.0,15524.0,9800.0
6.000000000000001e-05,6.000000000000001e-05,0.01104130744934082,0.56783686876297,0.07662319540977477,0.016907499451190234,99.40634155273438,0.016812384128570557,99.38774108886719,0.01700762752443552,99.39947509765625,0.017049561906605958,99.40499877929688,0.008846122305840254,99.30267333984375,0.6399919748306274,9900.0,15524.0,9900.0
6.000000000000001e-05,6.000000000000001e-05,0.010750174522399902,1.205134603381157,0.10217622891068459,0.02320133177563548,98.95877838134766,0.022408978268504142,98.95401000976562,0.022404577769339084,99.0042724609375,0.022731067147105932,98.95562744140625,0.011430273670703173,98.73762512207031,0.639808464050293,10000.0,15524.0,10000.0
6.000000000000001e-05,6.000000000000001e-05,0.010592460632324219,1.5902185440063477,0.12232211865484714,0.026585393026471137,98.37703704833984,0.0272257711738348,98.4018325805664,0.027283002994954585,98.40774536132812,0.02733946209773421,98.4222412109375,0.013888495741412044,98.10161590576172,0.6379044532775879,10100.0,15524.0,10100.0
6.000000000000001e-05,6.000000000000001e-05,0.01107480525970459,1.4193571776151657,0.10330293402075767,0.023836618661880492,99.33195495605469,0.022752876952290536,99.33366394042969,0.022702414728701114,99.33147430419922,0.022411220893263816,99.33366394042969,0.011599803483113647,98.88581848144531,0.6396198987960815,10200.0,15524.0,10200.0
6.000000000000001e-05,6.000000000000001e-05,0.012212181091308593,0.7387446939945221,0.09356960207223892,0.020571744069457054,98.85501861572266,0.020869700610637663,98.86140441894531,0.020841777138412,98.903564453125,0.02076331013813615,98.91023254394531,0.01052307030186057,98.720458984375,0.6404459714889527,10300.0,15524.0,10300.0
6.000000000000001e-05,6.000000000000001e-05,0.013001966476440429,3.148998609185219,0.11039830632507801,0.02447523232549429,99.53565979003906,0.0241896228864789,99.53164672851562,0.023757899925112725,99.5291748046875,0.023817184008657934,99.5391845703125,0.014158368110656738,99.33185577392578,0.6505021333694458,10400.0,15524.0,10400.0
6.000000000000001e-05,6.000000000000001e-05,0.01259753704071045,2.5838005363941194,0.10735148191452026,0.023388611152768135,99.48320007324219,0.023307239077985285,99.56932067871094,0.023238203208893537,99.56398010253906,0.022995732352137567,99.57093811035156,0.014421695284545422,97.62144470214844,0.6618484735488892,10500.0,15524.0,10500.0
6.000000000000001e-05,6.000000000000001e-05,0.012769508361816406,0.9795577764511109,0.10030782781541348,0.022363135311752557,99.59822082519531,0.021911160461604594,99.5809555053711,0.021658149547874928,99.58457946777344,0.021646534837782384,99.57876586914062,0.012728849472478033,99.37324523925781,0.6601277589797974,10600.0,15524.0,10600.0
6.000000000000001e-05,6.000000000000001e-05,0.010931754112243652,2.696770131587982,0.10225693546235562,0.022977191396057604,99.12825012207031,0.02260858193039894,99.10354614257812,0.022014606464654207,99.09239196777344,0.022054986190050842,99.114990234375,0.012601567897945642,98.74639892578125,0.637118649482727,10700.0,15524.0,10700.0
6.000000000000001e-05,6.000000000000001e-05,0.012743711471557617,4.988898451626301,0.10591711997985839,0.023890363425016402,99.34253692626953,0.02312708627432585,99.34215545654297,0.02289479151368141,99.34053039550781,0.02278826106339693,99.34892272949219,0.013216618914157152,99.03878784179688,0.6625002145767211,10800.0,15524.0,10800.0
6.000000000000001e-05,6.000000000000001e-05,0.011695671081542968,0.9854132801294326,0.09001211896538734,0.01983568174764514,99.21512603759766,0.020019144285470247,99.21550750732422,0.01994560584425926,99.21627044677734,0.020042538270354272,99.20912170410156,0.010169149003922939,99.01953125,0.6450635194778442,10900.0,15524.0,10900.0
6.000000000000001e-05,6.000000000000001e-05,0.013082075119018554,6.762827694416046,0.1561949834227562,0.03801590166985989,98.80647277832031,0.03263751175254583,98.73953247070312,0.03383275642991066,98.7234115600586,0.034697390254586936,98.7640380859375,0.01701142331585288,98.4304428100586,0.6429401636123657,11000.0,15524.0,11000.0
6.000000000000001e-05,6.000000000000001e-05,0.010307002067565917,1.7343818575143815,0.12030597925186157,0.026395553536713124,99.18832397460938,0.02740956172347069,99.16619873046875,0.02636032272130251,99.16324615478516,0.026493056584149598,99.16343688964844,0.013647485338151456,98.99053955078125,0.634169340133667,11100.0,15524.0,11100.0
6.000000000000001e-05,6.000000000000001e-05,0.010536575317382812,0.804305973649025,0.10090408027172089,0.022566855885088444,99.32298278808594,0.022214737348258497,99.30810546875,0.022271337546408178,99.30477142333984,0.022211939096450806,99.31326293945312,0.011639211978763341,98.99215698242188,0.635625958442688,11200.0,15524.0,11200.0
6.000000000000001e-05,6.000000000000001e-05,0.010362553596496581,0.7816982448101044,0.07487778142094612,0.016470080986618996,99.12385559082031,0.016470835357904435,99.08771514892578,0.016438878141343594,99.09248352050781,0.0164809200912714,99.10859680175781,0.00901706600561738,98.92311096191406,0.633767819404602,11300.0,15524.0,11300.0
6.000000000000001e-05,6.000000000000001e-05,0.010371708869934082,1.1172135770320892,0.09261197447776795,0.020608676224946977,99.06005859375,0.02014109380543232,99.05462646484375,0.01998925907537341,99.0225830078125,0.019739997386932374,99.01475524902344,0.012132949708029628,98.66046905517578,0.6341605901718139,11400.0,15524.0,11400.0
6.000000000000001e-05,6.000000000000001e-05,0.010326790809631347,2.1421423450112345,0.11070075035095214,0.022922735102474688,98.62013244628906,0.025736581720411777,98.59275817871094,0.02486412599682808,98.62203979492188,0.024992935359477997,98.62222290039062,0.01218437310308218,98.44512939453125,0.6333662748336792,11500.0,15524.0,11500.0
6.000000000000001e-05,6.000000000000001e-05,0.011759638786315918,2.931400218605995,0.09591434188187123,0.020958675257861614,99.33518981933594,0.020939497277140617,99.32365417480469,0.020608728751540184,99.32870483398438,0.020833575166761875,99.32174682617188,0.01257386477664113,99.20281982421875,0.6394612550735473,11600.0,15524.0,11600.0
6.000000000000001e-05,6.000000000000001e-05,0.012128543853759766,1.674625886976719,0.0997975405305624,0.021816445607692005,97.55287170410156,0.022288940288126467,97.5149154663086,0.022882753424346446,97.49641418457031,0.022749769408255814,97.51214599609375,0.010059632733464241,97.77497863769531,0.6415416717529296,11700.0,15524.0,11700.0
6.000000000000001e-05,6.000000000000001e-05,0.011717462539672851,1.0312958806753159,0.07925468720495701,0.01761935167014599,99.35960388183594,0.017340697534382343,99.37553405761719,0.017342848144471644,99.375244140625,0.017324370425194503,99.37915802001953,0.00962741901166737,99.04794311523438,0.6409798383712768,11800.0,15524.0,11800.0
6.000000000000001e-05,6.000000000000001e-05,0.01095583438873291,3.3145763009786604,0.1365777373313904,0.02908782446756959,98.57864379882812,0.030728165246546268,98.57301330566406,0.03220373447984457,98.56576538085938,0.03042374048382044,98.56300354003906,0.014134274935349822,98.53964233398438,0.6344917058944702,11900.0,15524.0,11900.0
6.000000000000001e-05,6.000000000000001e-05,0.010375404357910156,0.9628769308328629,0.09406125470995903,0.02067735083401203,99.23152923583984,0.020883962884545325,99.22074890136719,0.020633235573768616,99.23057556152344,0.020733251981437207,99.23582458496094,0.01113345343619585,99.00856018066406,0.6337357044219971,12000.0,15524.0,12000.0
6.000000000000001e-05,6.000000000000001e-05,0.011579513549804688,15.845667697489262,0.4316928096115589,0.10848733009770513,98.78482818603516,0.0896846666932106,98.89288330078125,0.09540150566026569,98.85626220703125,0.0955916540697217,98.85234832763672,0.042527649318799376,98.4018325805664,0.6395946741104126,12100.0,15524.0,12100.0
6.000000000000001e-05,6.000000000000001e-05,0.012574720382690429,9.129103031754493,0.12697652280330657,0.027506661880761386,98.99435424804688,0.027721511106938122,98.97050476074219,0.0283974502235651,98.95763397216797,0.02849329952150583,98.95829772949219,0.014857599791139365,98.48184204101562,0.6408347368240357,12200.0,15524.0,12200.0
6.000000000000001e-05,6.000000000000001e-05,0.011820530891418457,1.5536172688007355,0.08550852127373218,0.01886402554810047,99.56884765625,0.018951631244271995,99.56703186035156,0.018761028163135053,99.56007385253906,0.018807797320187093,99.56779479980469,0.010124039743095637,99.32661437988281,0.6459559679031373,12300.0,15524.0,12300.0
6.000000000000001e-05,6.000000000000001e-05,0.010942411422729493,8.60707272440195,0.1493821542710066,0.03041621148586273,99.08418273925781,0.03348222505301237,99.09371948242188,0.035883976984769105,99.08781433105469,0.03382338928058744,99.07369995117188,0.01577635034918785,98.76374816894531,0.6371896743774415,12400.0,15524.0,12400.0
6.000000000000001e-05,6.000000000000001e-05,0.01325223445892334,0.744533759355545,0.07563656270503998,0.016861703898757695,99.56636047363281,0.016604896076023577,99.56826782226562,0.01648074109107256,99.57275390625,0.016501854453235865,99.57284545898438,0.00918736644089222,99.31936645507812,0.63990478515625,12500.0,15524.0,12500.0
6.000000000000001e-05,6.000000000000001e-05,0.011975812911987304,0.6638843476772308,0.07814835011959076,0.01735443202778697,99.3369140625,0.017144174315035343,99.31707763671875,0.017136667296290396,99.3215560913086,0.017138524912297726,99.32069396972656,0.009374549007043242,99.0927734375,0.6497439622879029,12600.0,15524.0,12600.0
6.000000000000001e-05,6.000000000000001e-05,0.012752366065979005,4.0596681356430055,0.10668966434895992,0.024221292603760956,99.40499877929688,0.024053786415606737,99.4088134765625,0.0235003269277513,99.42254638671875,0.023238900769501924,99.41787719726562,0.01167535614222288,99.08504486083984,0.6441267967224121,12700.0,15524.0,12700.0
6.000000000000001e-05,6.000000000000001e-05,0.011215519905090333,3.2758149057626724,0.09759768769145012,0.02148367715999484,98.93598937988281,0.02093975692987442,98.94561767578125,0.021079435478895903,98.93836975097656,0.021014959271997213,98.93836975097656,0.013079860154539347,98.70957946777344,0.637014627456665,12800.0,15524.0,12800.0
6.000000000000001e-05,6.000000000000001e-05,0.010868978500366212,1.8013687267899514,0.14028417281806468,0.03192024631425738,99.42131042480469,0.03139402065426111,99.40032958984375,0.0313439117744565,99.40357208251953,0.03138725822791457,99.40003967285156,0.014238743297755718,99.14379119873047,0.6366776704788208,12900.0,15524.0,12900.0
6.000000000000001e-05,6.000000000000001e-05,0.010720467567443848,0.8719167679548263,0.09220097064971924,0.019798397459089755,99.20416259765625,0.020049679651856424,99.16915893554688,0.020077944453805684,99.17545318603516,0.020152626000344752,99.1750717163086,0.012122324667870998,99.05948638916016,0.6355381965637207,13000.0,15524.0,13000.0
6.000000000000001e-05,6.000000000000001e-05,0.011636662483215331,0.8167188242077827,0.09039387218654156,0.020038240402936936,99.07522583007812,0.019946058746427298,99.01046752929688,0.01982341045513749,99.00588989257812,0.019799967017024755,99.00770568847656,0.010786197381094098,98.80428314208984,0.6393876314163208,13100.0,15524.0,13100.0
6.000000000000001e-05,6.000000000000001e-05,0.011532974243164063,0.6306924477219582,0.07709714956581593,0.016964190732687713,99.07970428466797,0.016999787557870148,99.07169342041016,0.01697671050205827,99.06874084472656,0.017038948368281126,99.0682601928711,0.00911751170642674,98.92501831054688,0.6388168811798096,13200.0,15524.0,13200.0
6.000000000000001e-05,6.000000000000001e-05,0.012137222290039062,0.5188198760151863,0.06582873277366161,0.014517924468964338,99.32279968261719,0.014302458427846432,99.34730529785156,0.014198895357549191,99.34111022949219,0.014303553197532893,99.34034729003906,0.008505899971351028,99.24278259277344,0.639758563041687,13300.0,15524.0,13300.0
6.000000000000001e-05,6.000000000000001e-05,0.01212623119354248,0.8046210497617722,0.08613940477371215,0.0190693911164999,99.2867431640625,0.0190048772841692,99.27902221679688,0.018947740364819766,99.27587890625,0.01895117051899433,99.28083801269531,0.010166224790737033,99.05577087402344,0.6400537729263306,13400.0,15524.0,13400.0
6.000000000000001e-05,6.000000000000001e-05,0.011861062049865723,0.6748396813869476,0.07602648213505744,0.016857695858925582,99.25718688964844,0.01653594886884093,99.23534393310547,0.016433976404368878,99.23468017578125,0.016577236354351044,99.23239135742188,0.009621626697480679,99.12748718261719,0.6399435997009277,13500.0,15524.0,13500.0
6.000000000000001e-05,6.000000000000001e-05,0.01374351978302002,18.080135211348534,0.1350266385823488,0.031365749519318344,99.54509735107422,0.031455892883241174,99.57513427734375,0.030803638603538276,99.59144592285156,0.02864091107621789,99.58133697509766,0.012760442635044455,99.20968627929688,0.6482315301895142,13600.0,15524.0,13600.0
6.000000000000001e-05,6.000000000000001e-05,0.010491752624511718,1.0723435774445533,0.09912053532898427,0.021617170982062818,99.25594329833984,0.02222346207126975,99.2685317993164,0.022499898821115492,99.25994873046875,0.021626390144228937,99.25785064697266,0.011153612658381462,98.6276626586914,0.6361644029617309,13700.0,15524.0,13700.0
6.000000000000001e-05,6.000000000000001e-05,0.01045231819152832,2.390634986758232,0.08596989922225476,0.0182985283434391,99.61681365966797,0.017089579626917838,99.63255310058594,0.01712306123226881,99.63016510009766,0.017925893329083918,99.63006591796875,0.015532836178317666,99.2279052734375,0.6347361326217651,13800.0,15524.0,13800.0
6.000000000000001e-05,6.000000000000001e-05,0.010897588729858399,0.7170023709535599,0.0807698406279087,0.017670785635709764,99.42483520507812,0.01789499707520008,99.42388916015625,0.017872626334428786,99.43399047851562,0.017860470246523617,99.44000244140625,0.009470961196348071,99.24574279785156,0.6549870014190674,13900.0,15524.0,13900.0
6.000000000000001e-05,6.000000000000001e-05,0.01081080436706543,1.7189782857894897,0.09231346361339092,0.02011689841747284,99.01466369628906,0.02056361809372902,99.01142120361328,0.020528319478034972,99.01924133300781,0.020503817964345215,99.0408935546875,0.010600811010226608,98.86885070800781,0.6373340606689453,14000.0,15524.0,14000.0
6.000000000000001e-05,6.000000000000001e-05,0.010491609573364258,9.704118046164513,0.2888552643358707,0.0730641296133399,99.45011138916016,0.058938510809093715,99.46880340576172,0.06642711870372295,99.46765899658203,0.062227106746286155,99.46746826171875,0.02819840763695538,99.40471649169922,0.6347809791564941,14100.0,15524.0,14100.0
6.000000000000001e-05,6.000000000000001e-05,0.013120293617248535,0.6719322934746742,0.08575301766395568,0.018597543984651566,99.6085205078125,0.018778657354414464,99.5596923828125,0.01888046870008111,99.56483459472656,0.018863278347998856,99.56427001953125,0.010633069416508078,99.39708709716797,0.6432199239730835,14200.0,15524.0,14200.0
6.000000000000001e-05,6.000000000000001e-05,0.010842061042785645,0.668923319876194,0.0842155709862709,0.01893450985662639,99.62882995605469,0.018138373177498578,99.64370727539062,0.018212435860186817,99.64247131347656,0.018213605415076016,99.64361572265625,0.010716646118089557,99.23896789550781,0.6353082180023193,14300.0,15524.0,14300.0
6.000000000000001e-05,6.000000000000001e-05,0.01051023006439209,1.308352316915989,0.08194658681750297,0.01791891297325492,98.61135864257812,0.016647651419043542,99.16801452636719,0.016760574374347924,99.13043975830078,0.01661354135721922,99.17449951171875,0.014005905203521251,96.00019836425781,0.6359179973602295,14400.0,15524.0,14400.0
6.000000000000001e-05,6.000000000000001e-05,0.01397378444671631,12.343164876103401,0.6656387448310852,0.15240454263985156,98.89860534667969,0.15561403948813676,98.93217468261719,0.1615954059176147,98.93608093261719,0.11482416689395905,98.96488189697266,0.08120059096254409,98.82946014404297,0.6494000911712646,14500.0,15524.0,14500.0
6.000000000000001e-05,6.000000000000001e-05,0.011362028121948243,0.9737649351358414,0.0847532469779253,0.017675929237157106,98.99644470214844,0.017990447208285333,99.00588989257812,0.018303423095494507,98.99931335449219,0.02083756444044411,98.99578094482422,0.009945884626358748,98.74314880371094,0.6396618604660034,14600.0,15524.0,14600.0
6.000000000000001e-05,6.000000000000001e-05,0.01099698543548584,0.478514076769352,0.07448793761432171,0.016334138903766872,99.02963256835938,0.016313840728253128,99.01866912841797,0.016325526917353273,99.01075744628906,0.0163252092897892,99.02143859863281,0.009189221169799566,98.71702575683594,0.6375659942626953,14700.0,15524.0,14700.0
6.000000000000001e-05,6.000000000000001e-05,0.012936782836914063,12.948647266626358,0.12719856798648835,0.034349159337580204,99.03593444824219,0.02575636636465788,98.90594482421875,0.02402711324393749,98.9206314086914,0.02771711368113756,98.93760681152344,0.015348814520984888,98.85635375976562,0.6425128221511841,14800.0,15524.0,14800.0
6.000000000000001e-05,6.000000000000001e-05,0.01244964599609375,0.8481653928756714,0.08875035643577575,0.01966438451781869,99.26461791992188,0.019500916730612515,99.27702331542969,0.01965217711403966,99.26519775390625,0.01959609892219305,99.25594329833984,0.010336780734360219,98.93798828125,0.6432864665985107,14900.0,15524.0,14900.0
6.000000000000001e-05,6.000000000000001e-05,0.011136913299560547,1.8096340030431748,0.08898423649370671,0.01923638042062521,99.02095794677734,0.019638300593942403,98.88591766357422,0.019829889852553607,98.89888763427734,0.019921964686363935,98.89649963378906,0.010357701499015094,98.75135803222656,0.6409090042114258,15000.0,15524.0,15000.0
6.000000000000001e-05,6.000000000000001e-05,0.013647913932800293,1.1406684696674347,0.09002422988414764,0.0184693674556911,99.43294525146484,0.020001740846782922,99.38125610351562,0.020341588370501994,99.41873168945312,0.02137245927006006,99.42465209960938,0.009839075244963169,99.16725158691406,0.6432170391082763,15100.0,15524.0,15100.0
6.000000000000001e-05,6.000000000000001e-05,0.013113903999328613,8.294563876092434,0.14495796635746955,0.038346953224390745,99.41244506835938,0.034043590724468234,99.42340850830078,0.031063948664814232,99.428466796875,0.02853357419371605,99.42788696289062,0.012969899270683528,99.18318176269531,0.6635240077972412,15200.0,15524.0,15200.0
6.000000000000001e-05,6.000000000000001e-05,0.010593056678771973,0.7394018620252609,0.07945967242121696,0.017237103451043366,99.43904876708984,0.017436914145946503,99.43780517578125,0.017405771650373936,99.43065643310547,0.01743894424289465,99.42760467529297,0.009940939536318184,99.31382751464844,0.6404247045516968,15300.0,15524.0,15300.0
6.000000000000001e-05,6.000000000000001e-05,0.011097073554992676,1.0382267922163009,0.08907093480229378,0.019376351218670606,99.29856872558594,0.019656325224786997,99.25775146484375,0.01993821980431676,99.25337219238281,0.01982642887160182,99.25241088867188,0.01027361024171114,99.1363525390625,0.6379177808761597,15400.0,15524.0,15400.0
6.000000000000001e-05,6.000000000000001e-05,0.013353276252746581,0.5564111858606339,0.07993341349065304,0.017686490435153246,99.55491638183594,0.017752274870872498,99.52803039550781,0.017759399488568306,99.53556060791016,0.01771177276968956,99.5369873046875,0.009023476298898459,99.4314193725586,0.6520992517471313,15500.0,15524.0,15500.0
6.000000000000001e-05,6.000000000000001e-05,0.011482501029968261,0.5202200904488563,0.06923944316804409,0.015337697509676219,99.50799560546875,0.015163579117506742,99.50570678710938,0.015041661448776722,99.5086669921875,0.01505753407254815,99.50828552246094,0.00863897018134594,99.2135009765625,0.6397565841674805,15600.0,15524.0,15600.0
6.000000000000001e-05,6.000000000000001e-05,0.011795759201049805,0.6412652388215065,0.070697982609272,0.015058002434670925,99.24803161621094,0.015853746235370635,99.23277282714844,0.015644890442490577,99.19357299804688,0.015908359363675118,99.2055892944336,0.008232982503250242,99.17888641357422,0.6394467353820801,15700.0,15524.0,15700.0
6.000000000000001e-05,6.000000000000001e-05,0.011613559722900391,0.5105513334274292,0.0695105504244566,0.015260365977883338,99.27835083007812,0.015212598070502282,99.28216552734375,0.015324794128537178,99.28855895996094,0.015218670014292002,99.28369140625,0.008494122792035342,99.04365539550781,0.6397207260131836,15800.0,15524.0,15800.0
6.000000000000001e-05,6.000000000000001e-05,0.011536312103271485,9.635569448769093,0.13001639321446418,0.0316541220061481,99.58477020263672,0.02652760297060013,99.58543395996094,0.02668436262756586,99.58563232421875,0.02658725595101714,99.58572387695312,0.01856305142864585,99.24172973632812,0.6395342826843262,15900.0,15524.0,15900.0
6.000000000000001e-05,6.000000000000001e-05,0.013337159156799316,1.1789806216955185,0.07488840222358703,0.016578284278512,98.75250244140625,0.01631646603345871,98.73428344726562,0.01628568647429347,98.7557373046875,0.016327305883169174,98.74458312988281,0.00938065922819078,98.51970672607422,0.6506551027297973,16000.0,15524.0,16000.0
6.000000000000001e-05,6.000000000000001e-05,0.012279152870178223,1.35203560590744,0.07615268304944038,0.016493167169392108,99.03392791748047,0.016143226251006126,99.04966735839844,0.016268749441951513,99.04518127441406,0.01624363977462053,99.04527282714844,0.01100389901548624,98.80104064941406,0.6413455724716186,16100.0,15524.0,16100.0
6.000000000000001e-05,6.000000000000001e-05,0.011443638801574707,9.093721295893193,0.1403809331357479,0.030616778694093228,99.55282592773438,0.033195678237825633,99.54481506347656,0.03324049906805158,99.54395294189453,0.028785805404186248,99.5430908203125,0.014542174665257335,99.40204620361328,0.6395917892456054,16200.0,15524.0,16200.0
6.000000000000001e-05,6.000000000000001e-05,0.011004495620727538,4.260864894092083,0.08209964446723461,0.016828496009111404,99.62492370605469,0.016690153628587723,99.63512420654297,0.017004264704883098,99.63722229003906,0.017001409363001586,99.6377944946289,0.014575320482254028,99.42941284179688,0.6378148794174194,16300.0,15524.0,16300.0
6.000000000000001e-05,6.000000000000001e-05,0.011577248573303223,0.4602871388196945,0.06092258058488369,0.01346025662496686,99.52078247070312,0.013241006899625063,99.55196380615234,0.01323307929560542,99.54814910888672,0.01321809906512499,99.54948425292969,0.007770140329375863,99.24935913085938,0.640078067779541,16400.0,15524.0,16400.0
6.000000000000001e-05,6.000000000000001e-05,0.01301887035369873,2.6448839902877808,0.07846159189939499,0.01755455359816551,99.20606994628906,0.017518648598343133,99.19872283935547,0.017031875997781755,99.19261932373047,0.01695294603705406,99.18794250488281,0.009403567295521498,98.90679931640625,0.6421149730682373,16500.0,15524.0,16500.0
6.000000000000001e-05,6.000000000000001e-05,0.013499832153320313,0.5526932746171951,0.07157771103084087,0.01545162070542574,99.11479949951172,0.01570009426213801,99.11212921142578,0.015635717567056416,99.10602569580078,0.01563695752993226,99.10401916503906,0.009153320966288448,98.79942321777344,0.6411474466323852,16600.0,15524.0,16600.0
6.000000000000001e-05,6.000000000000001e-05,0.01048731803894043,3.5160943523049353,0.08281726762652397,0.01815676484256983,98.65904235839844,0.01736621307209134,98.75631713867188,0.017624448984861374,98.75030517578125,0.01758016673848033,98.77328491210938,0.012089673755690455,98.05431365966797,0.635310173034668,16700.0,15524.0,16700.0
6.000000000000001e-05,6.000000000000001e-05,0.011050105094909668,0.48264125287532805,0.06853969246149064,0.015031263325363397,99.41377258300781,0.015018842462450267,99.3795394897461,0.015107709262520076,99.38134765625,0.015101817715913058,99.38401794433594,0.008280059322714806,99.19500732421875,0.6383337259292603,16800.0,15524.0,16800.0
6.000000000000001e-05,6.000000000000001e-05,0.010352897644042968,7.636445507407188,0.11451066918671131,0.025697288662195207,98.8067626953125,0.026072071678936482,98.83594512939453,0.02534659057855606,98.83528137207031,0.024792434461414815,98.83098602294922,0.01260228524915874,98.67668151855469,0.6363451957702637,16900.0,15524.0,16900.0
6.000000000000001e-05,6.000000000000001e-05,0.012237977981567384,0.44915867149829863,0.07419811487197876,0.016362289153039455,99.44143676757812,0.01637795101851225,99.44114685058594,0.016334281675517558,99.4424819946289,0.016291977558284997,99.4423828125,0.008831614721566438,99.16352844238281,0.6578074216842651,17000.0,15524.0,17000.0
6.000000000000001e-05,6.000000000000001e-05,0.013897061347961426,2.838351249694824,0.09832108542323112,0.022449582349509,98.67305755615234,0.021585243940353393,98.8106689453125,0.021764925867319106,98.69747161865234,0.021910950634628536,98.65408325195312,0.01061038374900818,98.45780944824219,0.6445044040679931,17100.0,15524.0,17100.0
6.000000000000001e-05,6.000000000000001e-05,0.011191654205322265,2.1041127756237983,0.08015359416604043,0.017453195340931416,99.452880859375,0.017555005475878717,99.41024780273438,0.01793017955496907,99.43218231201172,0.01791389621794224,99.43284606933594,0.009301318041980266,99.25604248046875,0.6391214847564697,17200.0,15524.0,17200.0
6.000000000000001e-05,6.000000000000001e-05,0.011461114883422852,1.092535275220871,0.06655682288110257,0.014463348034769296,99.58734130859375,0.014278425183147193,99.61795806884766,0.014406903646886349,99.62644958496094,0.014385746326297522,99.62482452392578,0.009022401086986065,99.48434448242188,0.6396328926086425,17300.0,15524.0,17300.0
6.000000000000001e-05,6.000000000000001e-05,0.010138583183288575,0.7534738212823868,0.06890585310757161,0.015282102394849062,99.06158447265625,0.01504325531423092,99.0286865234375,0.015083169192075729,99.01409149169922,0.014982732012867928,99.02896881103516,0.008514594053849578,99.02782440185547,0.6340882539749145,17400.0,15524.0,17400.0
6.000000000000001e-05,6.000000000000001e-05,0.010869836807250977,0.964471772313118,0.08068727925419808,0.01785604376345873,99.63092803955078,0.017677411157637834,99.63407897949219,0.01766151562333107,99.648193359375,0.017674267012625932,99.64608764648438,0.00981804234907031,99.3295669555664,0.6371418237686157,17500.0,15524.0,17500.0
6.000000000000001e-05,6.000000000000001e-05,0.011340188980102538,1.4303595185279847,0.08457579240202903,0.018361685704439877,99.29847717285156,0.018438463751226663,99.31716918945312,0.018394819181412458,99.31916809082031,0.01841689571738243,99.31488037109375,0.010963928001001478,98.97795104980469,0.6556654214859009,17600.0,15524.0,17600.0
6.000000000000001e-05,6.000000000000001e-05,0.01188805103302002,0.4647931709885597,0.06203991360962391,0.013297087326645852,99.39222717285156,0.013746307697147131,99.38134765625,0.013727126643061638,99.3865966796875,0.013708942383527756,99.38058471679688,0.007560450118035078,99.25584411621094,0.6489701271057129,17700.0,15524.0,17700.0
6.000000000000001e-05,6.000000000000001e-05,0.010912060737609863,0.5071141183376312,0.06140654087066651,0.013424230832606554,99.46022033691406,0.013402588199824095,99.4515380859375,0.013417091500014067,99.4454345703125,0.013341867737472058,99.45030212402344,0.007820763438940049,99.3369140625,0.6367207050323487,17800.0,15524.0,17800.0
6.000000000000001e-05,6.000000000000001e-05,0.011304545402526855,0.38472971469163897,0.06417518965899945,0.014284177497029305,99.61251831054688,0.013989525847136974,99.62892150878906,0.01411222917959094,99.61061096191406,0.014013836346566676,99.62329864501953,0.007775421487167478,99.4759521484375,0.6385779857635498,17900.0,15524.0,17900.0
6.000000000000001e-05,6.000000000000001e-05,0.014728045463562012,0.6070493012666702,0.08422004468739033,0.01860520327463746,99.38774108886719,0.018647645600140095,99.38421630859375,0.01885261731222272,99.38125610351562,0.018961178418248893,99.3826904296875,0.00915340012870729,99.18470764160156,0.648517370223999,18000.0,15524.0,18000.0
6.000000000000001e-05,6.000000000000001e-05,0.013304305076599122,22.54913080111146,0.14049009941518306,0.03647595169022679,99.23982238769531,0.02661101184785366,99.23410034179688,0.028551131207495927,99.24020385742188,0.026695706881582737,99.23524475097656,0.02215629704296589,98.99435424804688,0.6480060815811157,18100.0,15524.0,18100.0
6.000000000000001e-05,6.000000000000001e-05,0.011934924125671386,0.7927374377846718,0.08006806001067161,0.01776001937687397,99.1434097290039,0.01752936951816082,99.1220474243164,0.017493507266044615,99.125,0.01744897048920393,99.12863159179688,0.009836193826049566,99.07884216308594,0.6393892526626587,18200.0,15524.0,18200.0
6.000000000000001e-05,6.000000000000001e-05,0.010808968544006347,12.722703745216132,0.2862717643380165,0.07207630458287895,94.36511993408203,0.0652026400435716,94.49586486816406,0.06250785365700721,94.41346740722656,0.06178130903281272,94.3777084350586,0.024703651061281563,95.26376342773438,0.6372466802597045,18300.0,15524.0,18300.0
6.000000000000001e-05,6.000000000000001e-05,0.011685943603515625,0.5059936389327049,0.07938597537577152,0.017567623034119607,99.36875915527344,0.017550659459084274,99.3377685546875,0.017573580984026192,99.35311889648438,0.01761552132666111,99.34577941894531,0.009078590851277112,99.22332763671875,0.6435993671417236,18400.0,15524.0,18400.0
6.000000000000001e-05,6.000000000000001e-05,0.012849974632263183,0.631832392513752,0.07063814774155616,0.015454295370727778,99.7161865234375,0.015559746138751506,99.71990966796875,0.015601084847003222,99.71561431884766,0.015739904437214135,99.72095489501953,0.008283117320388556,99.54814910888672,0.6445300579071045,18500.0,15524.0,18500.0
6.000000000000001e-05,6.000000000000001e-05,0.012481498718261718,1.053175374865532,0.08469582609832287,0.019188007898628713,98.72026062011719,0.018624022696167232,98.79951477050781,0.018571074586361647,98.79388427734375,0.018406465649604797,98.81086730957031,0.009906254149973393,98.51350402832031,0.6425920009613038,18600.0,15524.0,18600.0
6.000000000000001e-05,6.000000000000001e-05,0.010989189147949219,0.8613207817077637,0.06557992696762086,0.014327927026897669,99.03688049316406,0.01430365266278386,99.00569915771484,0.014254272915422916,99.01351928710938,0.01424246709793806,99.00674438476562,0.008451606798917054,98.73170471191406,0.6378465175628663,18700.0,15524.0,18700.0
6.000000000000001e-05,6.000000000000001e-05,0.012669610977172851,0.6972485609352589,0.07538554817438126,0.01640490936115384,99.60165405273438,0.016701083816587924,99.594970703125,0.016753822937607764,99.59373474121094,0.016799136810004712,99.5919189453125,0.00872659650631249,99.0181884765625,0.6437081336975098,18800.0,15524.0,18800.0
6.000000000000001e-05,6.000000000000001e-05,0.011822652816772462,0.6059674233198166,0.07060433961451054,0.01525082504376769,99.43809509277344,0.015642476081848145,99.43017578125,0.015698571410030126,99.42512512207031,0.015976139809936285,99.43399047851562,0.008036328619346023,99.30591583251953,0.6405822992324829,18900.0,15524.0,18900.0
6.000000000000001e-05,6.000000000000001e-05,0.011003851890563965,0.5287842765450478,0.07187988497316837,0.01569954650476575,99.18603515625,0.01568697327747941,99.16448974609375,0.015704835392534734,99.16744232177734,0.01571781262755394,99.17115783691406,0.009070719126611948,99.01437377929688,0.6398514747619629,19000.0,15524.0,19000.0
6.000000000000001e-05,6.000000000000001e-05,0.011912369728088379,0.8979946047067642,0.08824722096323967,0.019892273284494878,99.53012084960938,0.019197459518909454,99.49817657470703,0.01964588710106909,99.49722290039062,0.019759989343583584,99.49464416503906,0.009751612367108465,99.06892395019531,0.6435330867767334,19100.0,15524.0,19100.0
6.000000000000001e-05,6.000000000000001e-05,0.013261866569519044,0.7865338787436486,0.06845792382955551,0.015441717859357596,98.79875183105469,0.014967130217701196,98.80447387695312,0.01489378847181797,98.81448364257812,0.014951387420296669,98.81954193115234,0.008203900605440139,98.63224029541016,0.648421049118042,19200.0,15524.0,19200.0
6.000000000000001e-05,6.000000000000001e-05,0.01266334056854248,0.48652518838644027,0.06278983540832997,0.013829778227955104,99.32441711425781,0.01376228015869856,99.34959411621094,0.013730430556461216,99.34187316894531,0.013737030141055585,99.34806823730469,0.0077303152065724134,98.93675231933594,0.6478087663650512,19300.0,15524.0,19300.0
6.000000000000001e-05,6.000000000000001e-05,0.012361097335815429,0.41786456257104876,0.07654297687113285,0.016745646391063927,99.64990234375,0.01695924876257777,99.64971923828125,0.016980454325675964,99.64485168457031,0.016893579810857772,99.64437866210938,0.008964048838242889,99.48835754394531,0.6436649799346924,19400.0,15524.0,19400.0
6.000000000000001e-05,6.000000000000001e-05,0.011121749877929688,18.143128848075868,0.2164020948112011,0.04931589299812913,99.26586151123047,0.04854015801101923,99.3143081665039,0.04889598907902837,99.31449890136719,0.044890576787292955,99.30868530273438,0.024759489856660367,99.29666137695312,0.6394399881362915,19500.0,15524.0,19500.0
6.000000000000001e-05,6.000000000000001e-05,0.011300396919250489,1.7459914624691009,0.07083351984620094,0.015541219059377909,99.35626983642578,0.01566730784252286,99.29752349853516,0.015574209252372384,99.30000305175781,0.01563618374057114,99.29342651367188,0.008414598857052624,99.02915954589844,0.6407500982284546,19600.0,15524.0,19600.0
6.000000000000001e-05,6.000000000000001e-05,0.011092138290405274,0.8278667010366917,0.08240463212132454,0.018087052414193748,99.45335388183594,0.018134900741279124,99.45411682128906,0.01816697372123599,99.4527816772461,0.018471601884812117,99.45115661621094,0.009544104477390647,99.39041137695312,0.6398060321807861,19700.0,15524.0,19700.0
6.000000000000001e-05,6.000000000000001e-05,0.011562061309814454,1.0317981585860252,0.0719292126595974,0.01580071998760104,99.41949462890625,0.015568825602531432,99.44438934326172,0.015564329642802476,99.44105529785156,0.015540823061019182,99.44381713867188,0.009454515436664224,99.14741516113281,0.6449104070663452,19800.0,15524.0,19800.0
6.000000000000001e-05,6.000000000000001e-05,0.011158919334411621,0.3844320461153984,0.0600907351821661,0.013139598025009035,99.55863952636719,0.012962293531745672,99.57466125488281,0.0129273877479136,99.56912994384766,0.013132870197296143,99.56788635253906,0.007928586518391966,99.0762710571289,0.6414226055145263,19900.0,15524.0,19900.0
6.000000000000001e-05,6.000000000000001e-05,0.012175893783569336,5.693974354863167,0.1047697801142931,0.03343474809080362,99.54547882080078,0.014538543671369553,99.54795837402344,0.014428153075277806,99.5443344116211,0.015995493065565823,99.54977416992188,0.02637284272350371,99.28913116455078,0.6415896654129029,20000.0,15524.0,20000.0
